"Data Source","World Development Indicators",

"Last Updated Date","2026-07-13",

"Country Name","Country Code","Indicator Name","Indicator Code","1960","1961","1962","1963","1964","1965","1966","1967","1968","1969","1970","1971","1972","1973","1974","1975","1976","1977","1978","1979","1980","1981","1982","1983","1984","1985","1986","1987","1988","1989","1990","1991","1992","1993","1994","1995","1996","1997","1998","1999","2000","2001","2002","2003","2004","2005","2006","2007","2008","2009","2010","2011","2012","2013","2014","2015","2016","2017","2018","2019","2020","2021","2022","2023","2024","2025",
"Aruba","ABW","Life expectancy at birth, total (years)","SP.DYN.LE00.IN","64.049","64.215","64.602","64.944","65.303","65.615","66.126","66.385","66.744","67.098","67.44","67.783","68.335","68.862","69.278","69.564","69.808","70.054","70.271","70.507","70.771","71.344","71.485","71.606","71.711","71.792","71.831","72.448","72.519","72.531","72.546","72.592","72.717","72.777","72.796","72.832","72.856","72.904","72.94","72.857","72.939","73.044","73.135","73.236","73.223","73.415","73.498","73.642","73.783","73.974","74.297","74.578","74.841","75.072","75.261","75.405","75.54","75.62","75.88","76.019","75.406","73.655","76.226","76.353","76.5","",
"Africa Eastern and Southern","AFE","Life expectancy at birth, total (years)","SP.DYN.LE00.IN","44.169658253166","44.4688383362574","44.8778899276436","45.160582805883","45.5356954673738","45.7707229233552","45.7657253575752","46.4407454164319","46.7386317469603","46.977475702472","47.2480056807395","47.4640156591505","47.1667922827106","47.7466079240168","47.7443277639797","47.9685480547674","48.568138198282","48.8607248856663","48.9839167133521","49.4169883847351","49.816713138052","50.0204932967522","50.2908293797205","48.9040956565702","48.9979586702536","49.3929024640878","50.0097614989116","51.0689429320971","50.8766070614947","51.2658735140762","51.0963264543047","50.8732436063946","50.7159460478921","51.0737619133776","50.9665887956464","51.4820566813357","51.3531898360738","51.5708865171429","51.3179554721368","51.8070772449868","52.5573418626777","52.8755360536287","53.2067443343026","53.6783047685822","54.1929278660434","54.8076807136336","55.6935152578453","56.4843531784534","57.2401063228798","58.0955271436463","58.8272792062821","59.2000040300701","60.2495123598467","60.895739752772","61.251436015671","61.713030523495","62.1679813169199","62.5912750961501","63.3306913582336","63.8572612837043","63.7664840026943","62.9799991857494","64.4871517904367","65.1462279163724","65.3499304660954","",
"Afghanistan","AFG","Life expectancy at birth, total (years)","SP.DYN.LE00.IN","32.799","33.291","33.757","34.201","34.673","35.124","35.583","36.042","36.51","36.979","37.46","37.932","38.423","38.951","39.469","39.994","40.518","41.082","40.086","38.844","39.258","39.406","36.058","36.517","31.473","32.132","38.4","38.831","43.238","44.496","45.118","45.521","46.569","51.021","50.969","52.103","52.83","53.212","52.487","54.532","55.005","55.511","56.225","57.171","57.81","58.247","58.553","58.956","59.708","60.248","60.702","61.25","61.735","62.188","62.26","62.27","62.646","62.406","62.443","62.941","61.454","60.417","65.617","66.035","66.289","",
"Africa Western and Central","AFW","Life expectancy at birth, total (years)","SP.DYN.LE00.IN","37.779636388716","38.0589725788266","38.6817923842751","38.9369177714205","39.1943751173598","39.4788754300249","39.7170348722908","39.5249102811788","40.2526118952956","40.5619154193279","41.273638939799","41.7257812498565","42.3519189065269","42.86392209886","43.4330450123432","43.9630140886884","44.7487471898209","45.3583908034263","45.8722102253347","46.3242961188647","46.6917918336026","47.0705605277907","47.3685697715635","47.6128106384332","47.7895879595034","47.9358017260926","48.029331976787","48.1305488636274","48.3626766099579","48.4876804392108","48.4511588733605","48.5234155652036","48.6813732746275","48.8480077142504","48.8530544120911","49.0214304749407","49.1062850491581","49.2137234078319","49.4472242370545","49.8182860014824","50.292605166594","50.6726047685125","51.1030145641167","51.5733887376781","52.1016113772048","52.5514240106227","52.9746257663093","53.4788420646953","53.9130304683259","53.8488138665276","54.6006466175842","54.961240165203","55.2898561158278","55.5516641369456","55.691576869905","56.0339962553159","56.3875627997136","56.6207642286762","57.0307711269764","57.1428268060515","57.3577091392887","57.3550150454372","57.9789954665232","58.8474833840405","59.041538008007","",
"Angola","AGO","Life expectancy at birth, total (years)","SP.DYN.LE00.IN","37.933","36.902","37.168","37.419","37.704","37.968","38.258","38.616","38.968","39.329","39.688","40.076","40.469","40.871","41.26","40.817","40.812","41.215","41.573","41.913","42.242","42.556","42.857","41.972","42.245","42.495","42.739","40.786","41.471","41.698","41.854","43.812","42.267","42.19","43.567","46.139","46.418","46.688","45.452","45.808","46.501","47.032","47.874","50.218","51.123","52.13","52.965","54.2","55.281","56.225","57.242","58.093","58.916","59.705","60.396","61.042","61.619","62.122","62.622","63.051","63.116","62.958","64.246","64.617","64.805","",
"Albania","ALB","Life expectancy at birth, total (years)","SP.DYN.LE00.IN","56.413","57.488","58.494","59.479","60.404","61.273","62.149","62.976","63.788","64.538","65.234","65.896","66.526","67.107","67.633","68.12","68.57","68.992","69.367","69.617","69.903","70.145","70.425","70.705","70.984","71.282","71.665","71.981","72.217","72.457","72.71","73.001","73.303","73.638","73.837","74.022","74.113","73.383","74.357","74.568","74.826","75.083","75.299","75.557","75.951","76.427","76.994","77.691","78.248","78.509","78.414","78.303","78.084","77.995","78.029","78.358","78.643","78.9","79.238","79.467","77.824","76.844","78.769","79.602","79.776","",
"Andorra","AND","Life expectancy at birth, total (years)","SP.DYN.LE00.IN","72.094","72.573","72.993","73.298","73.624","73.856","74.02","74.119","74.22","74.296","74.452","74.615","74.864","75.096","75.34","75.567","75.869","76.154","76.488","76.819","77.137","77.391","77.617","77.787","77.916","78.006","78.107","78.189","78.364","78.557","78.961","79.346","79.794","80.186","80.587","80.804","81.009","81.145","81.28","81.55","81.863","82.162","82.448","82.718","82.815","83.086","83.374","83.632","83.855","84.1","84.197","84.296","84.334","84.406","84.485","84.532","84.489","84.359","84.242","84.098","79.418","82.331","84.016","84.041","84.188","",
"Arab World","ARB","Life expectancy at birth, total (years)","SP.DYN.LE00.IN","44.7940556740454","45.5453710396097","45.9937691698037","46.9793381533999","47.5700340647645","48.117159090464","48.6254239825646","49.0924336025973","49.6577868587798","50.1488565803658","50.6928710622557","51.318318885342","51.8937104276574","52.3019604795893","52.9255502155293","53.4203511944222","53.8506489883016","55.0819222407783","55.757128481753","56.4797481519221","57.0063532889679","57.5691664444265","57.8702345782784","58.6376067378553","59.3295817498183","59.9894611140008","60.9186844945402","61.6208093313693","61.6715328559911","62.298247176217","62.7559727299802","62.8275066232407","63.5755762828725","64.6012801061363","64.8500832261274","65.2025060952802","65.5268890989846","65.8529924943129","66.1935792889826","66.5499343902957","66.8906998949344","67.2406170439926","67.5806302791343","67.6503349498777","67.7331029040443","68.0405024136348","68.4912652387812","68.8792264386993","69.2581327561764","69.7069035410593","69.8073221012027","69.3633376859826","69.842316602094","70.1921058451273","70.5350666310281","70.6580123695192","70.8964881164428","71.1128560080647","71.4312997859137","71.8398932674972","70.7265588103862","70.4041144889903","71.8760955992222","72.4446783578531","72.721805028968","",
"United Arab Emirates","ARE","Life expectancy at birth, total (years)","SP.DYN.LE00.IN","50.651","51.596","52.546","53.509","54.495","55.512","56.572","57.648","58.727","59.764","60.78","61.753","62.675","63.542","64.351","65.105","65.806","66.471","67.083","67.645","68.157","68.622","69.056","69.448","69.802","70.123","70.41","70.623","70.808","70.96","71.074","71.144","71.166","71.159","71.204","71.392","71.82","72.559","73.66","74.982","76.347","77.621","78.721","79.6","80.272","80.779","81.155","81.438","81.591","81.679","81.886","81.898","81.913","81.95","81.99","82.076","82.195","82.388","82.449","82.596","81.936","79.083","80.487","82.909","83.069","",
"Argentina","ARG","Life expectancy at birth, total (years)","SP.DYN.LE00.IN","64.242","64.631","64.618","64.855","64.816","65.053","65.398","65.467","65.234","65.085","65.647","65.619","65.953","66.186","66.405","66.965","67.03","67.595","67.999","68.434","68.576","68.858","68.973","69.29","69.353","69.879","70.281","70.699","71.097","71.502","71.615","72.02","72.096","72.303","72.732","72.864","73.056","73.407","73.412","73.683","73.91","74.154","74.312","74.307","74.871","75.231","75.279","74.783","75.428","75.577","75.68","76.1","75.802","75.829","76.268","76.6","76.105","76.543","76.77","76.847","75.878","73.948","75.806","77.395","77.543","",
"Armenia","ARM","Life expectancy at birth, total (years)","SP.DYN.LE00.IN","59.063","59.4940975609756","59.9166829268293","60.3282682926829","60.7238292682927","61.0993414634146","61.4538292682927","61.784756097561","62.0936341463415","62.3799512195122","62.6447073170732","62.8889024390244","63.1144878048781","63.3309268292683","63.546756097561","63.7678780487805","64.0014878048781","64.2539512195122","64.5261951219512","64.8208292682927","65.1385609756098","65.4824878048781","65.8509268292683","66.229243902439","66.5913658536585","66.9152682926829","67.178","67.3590731707317","52.6001219512195","67.5185609756098","67.5493658536585","67.6270487804878","67.7185365853659","67.9731951219512","68.2718048780488","68.628487804878","69.0061219512195","69.3938292682927","69.7993414634146","70.1989512195122","72.8804878048781","72.9756097560976","72.8268292682927","72.8268292682927","73.0268292682927","73.0756097560976","72.8243902439025","72.8731707317073","73.0731707317073","73.0731707317073","73.1731707317073","73.8170731707317","74.119512195122","74.6219512195122","74.8731707317073","74.8707317073171","74.8682926829268","75.2170731707317","75.619512195122","76.2219512195122","73.3756097560976","72.2780487804878","74.7658536585366","77.4658536585366","78.319512195122","",
"American Samoa","ASM","Life expectancy at birth, total (years)","SP.DYN.LE00.IN","65.053","65.648","66.008","66.161","66.135","65.996","58.284","65.807","65.847","66.05","66.364","66.77","67.186","67.604","67.95","68.256","68.475","68.701","68.881","69.114","69.413","69.731","69.975","70.163","70.326","70.532","70.704","70.828","70.883","70.929","71.107","71.312","71.511","71.54","71.569","71.565","71.576","71.606","71.542","71.484","71.443","71.573","71.755","71.698","72.277","72.382","72.397","72.365","72.43","70.839","72.587","72.662","72.709","72.769","72.687","72.654","72.64","72.801","72.794","72.751","72.672","72.708","72.752","72.852","72.992","",
"Antigua and Barbuda","ATG","Life expectancy at birth, total (years)","SP.DYN.LE00.IN","62.635","63.335","63.995","64.697","65.428","66.171","66.902","67.586","68.23","68.827","69.371","69.861","70.304","70.71","71.095","71.447","71.794","72.149","72.5","72.823","73.094","73.32","73.525","73.684","73.808","73.873","73.893","73.873","73.811","73.628","73.602","73.472","73.386","73.39","73.493","73.576","73.839","74.045","74.187","74.456","74.819","75.108","75.237","75.313","75.329","75.364","75.506","75.72","76.075","76.386","76.701","77.023","77.1","77.05","76.912","76.892","76.968","77.03","77.132","77.168","77.161","77.197","77.483","77.598","77.766","",
"Australia","AUS","Life expectancy at birth, total (years)","SP.DYN.LE00.IN","70.8170731707317","70.9731707317073","70.9424390243903","70.9117073170732","70.8809756097561","70.850243902439","70.819512195122","70.8692682926829","70.9190243902439","70.9687804878049","71.0185365853659","71.0682926829268","71.4575609756098","71.8468292682927","72.2360975609756","72.6253658536586","73.0146341463415","73.3443902439024","73.6741463414634","74.0039024390244","74.3336585365854","74.6634146341463","74.9048780487805","75.1463414634146","75.3878048780488","75.6292682926829","75.8707317073171","76.1517073170732","76.4326829268293","76.7136585365854","76.9946341463415","77.2756097560976","77.3780487804878","77.8780487804878","77.8780487804878","77.8292682926829","78.0780487804878","78.4804878048781","78.6317073170732","78.9317073170732","79.2341463414634","79.6341463414634","79.9365853658537","80.2390243902439","80.490243902439","80.8414634146341","81.0414634146342","81.2926829268293","81.3951219512195","81.5439024390244","81.6951219512195","81.8951219512195","82.0463414634146","82.1487804878049","82.3","82.4","82.4487804878049","82.5","82.7487804878049","82.9","83.2","83.3","83.2","83.0512195121951","83.0512195121951","",
"Austria","AUT","Life expectancy at birth, total (years)","SP.DYN.LE00.IN","68.5856097560976","69.5773170731707","69.309512195122","69.4436585365854","69.9219512195122","69.7221951219512","70.0458536585366","69.9178048780488","70.0575609756098","69.8331707317073","69.9146341463415","70.1146341463415","70.4634146341463","71.0146341463415","71.0121951219512","71.1146341463415","71.5658536585366","71.9146341463415","72.0121951219512","72.3121951219512","72.4634146341463","72.8121951219512","72.9609756097561","73.0121951219512","73.6121951219512","73.8146341463415","74.3170731707317","74.7682926829268","75.2170731707317","75.2658536585366","75.5682926829269","75.6170731707317","75.8170731707317","76.0682926829268","76.419512195122","76.6682926829268","76.8707317073171","77.319512195122","77.6707317073171","77.8756097560976","78.1268292682927","78.5756097560976","78.6780487804878","78.6317073170732","79.1804878048781","79.3317073170732","79.8804878048781","80.1804878048781","80.4317073170732","80.3317073170732","80.5804878048781","80.9829268292683","80.9365853658537","81.1365853658537","81.490243902439","81.190243902439","81.6414634146342","81.6439024390244","81.6926829268293","81.8951219512195","81.1926829268293","81.190243902439","81.2951219512195","81.7926829268293","81.9951219512195","",
"Azerbaijan","AZE","Life expectancy at birth, total (years)","SP.DYN.LE00.IN","50.862","51.435","52.053","52.696","53.292","53.884","54.485","55.032","55.563","56.08","56.586","57.043","57.503","57.926","58.332","58.687","59.477","59.972","60.494","60.931","61.433","61.908","62.23","62.479","62.084","62.674","62.603","62.824","62.672","62.945","62.75","62.544","60.773","61.426","60.277","61.931","62.66","62.953","63.75","64.733","65.377","66.043","66.769","67.036","67.488","67.71","68.489","68.659","69.355","69.874","70.309","70.565","71.08","71.485","71.93","72.349","72.568","72.694","73.016","73.29","70.312","70.999","74.125","74.429","74.576","",
"Burundi","BDI","Life expectancy at birth, total (years)","SP.DYN.LE00.IN","43.262","43.364","43.492","43.559","43.601","41.844","43.529","43.332","43.405","43","43.225","43.172","25.777","37.409","43.337","43.445","43.691","43.97","44.404","45.038","45.731","46.412","47.012","47.433","47.687","47.662","47.402","47.066","42.889","45.745","45.184","44.66","44.469","37.221","44.515","44.589","44.807","45.721","46.678","47.627","47.617","48.509","49.924","50.997","52.217","53.053","53.962","54.832","55.581","56.422","57.088","57.804","58.501","59.179","59.764","60.107","60.789","61.345","61.806","62.18","62.569","62.101","62.882","63.651","63.818","",
"Belgium","BEL","Life expectancy at birth, total (years)","SP.DYN.LE00.IN","69.7019512195122","70.5209756097561","70.219512195122","70.0514634146342","70.7551219512195","70.6253658536586","70.7063414634146","71.0129268292683","70.6931707317073","70.7648780487805","70.9719512195122","71.0604878048781","71.4051219512195","71.6353658536586","71.9858536585366","71.9712195121951","72.119756097561","72.7739024390244","72.6980487804878","73.1936585365854","73.2070731707317","73.6217073170732","73.8880487804878","73.8690243902439","74.4048780487805","74.520243902439","74.7317073170732","75.3658536585366","75.5658536585366","75.6326829268293","76.0519512195122","76.1921951219512","76.3512195121951","76.3453658536585","76.6917073170732","76.8407317073171","77.1873170731707","77.3707317073171","77.4731707317073","77.619512195122","77.7219512195122","77.9731707317073","78.0756097560976","78.1292682926829","78.8780487804878","78.9804878048781","79.380487804878","79.7829268292683","79.6804878048781","80.0341463414634","80.1829268292683","80.5853658536585","80.3853658536585","80.5878048780488","81.2878048780488","80.9926829268293","81.4390243902439","81.4926829268293","81.5951219512195","81.9951219512195","80.6951219512195","81.790243902439","81.7487804878049","82.4","82.3","",
"Benin","BEN","Life expectancy at birth, total (years)","SP.DYN.LE00.IN","38.775","39.233","39.643","40.081","40.502","40.971","41.274","41.759","42.182","42.591","43.029","43.391","43.928","44.435","44.876","45.405","45.952","46.504","46.941","47.362","47.747","48.122","48.493","48.845","49.399","49.959","50.632","51.258","52.019","52.45","53.02","53.441","54.137","54.612","54.988","55.366","55.648","55.986","56.154","56.336","56.594","56.654","56.851","57.092","57.346","57.738","57.966","58.249","58.099","58.258","58.387","58.462","58.559","58.863","59.008","59.123","59.283","59.528","59.71","59.888","60.154","59.61","60.475","60.774","60.961","",
"Burkina Faso","BFA","Life expectancy at birth, total (years)","SP.DYN.LE00.IN","36.074","36.361","36.753","37.093","37.399","37.758","38.091","38.432","38.76","39.023","39.54","39.853","40.399","40.947","41.711","42.486","43.327","44.167","44.995","45.702","46.465","46.866","47.633","48.061","48.464","48.748","48.987","49.097","49.215","49.27","49.315","49.33","49.378","49.412","49.469","49.554","49.693","49.56","50.163","50.463","50.808","51.188","51.447","51.959","52.6","53.271","53.784","54.377","55.199","55.791","56.343","57.001","57.457","57.903","58.331","58.778","59.173","59.578","59.972","60.184","60.454","60.046","60.7","61.092","61.292","",
"Bangladesh","BGD","Life expectancy at birth, total (years)","SP.DYN.LE00.IN","43.98","44.887","45.765","45.722","46.752","46.046","47.644","48.066","48.4","48.686","42.667","26.522","49.647","49.914","49.589","50.627","50.951","51.265","51.596","51.959","52.278","52.638","53.012","53.441","53.826","53.937","54.592","54.899","55.174","55.514","55.822","53.781","56.592","57.073","57.64","58.244","58.94","59.671","60.429","61.244","62.049","62.836","63.591","64.288","64.912","65.509","66.048","66.458","67.047","67.527","68.009","68.499","68.989","69.487","70.016","70.543","71.075","71.606","72.122","72.625","71.421","71.103","74.265","74.672","74.93","",
"Bulgaria","BGR","Life expectancy at birth, total (years)","SP.DYN.LE00.IN","69.2475609756098","70.1956097560976","69.4919512195122","70.3092682926829","71.1212195121951","71.2939024390244","71.2234146341464","70.4139024390244","71.2251219512195","70.43","71.2563414634146","70.8736585365854","70.899512195122","71.3421951219512","71.2080487804878","71.049756097561","71.3948780487805","70.8160975609756","71.1846341463415","71.3082926829268","71.1575609756098","71.5719512195122","71.1860975609756","71.3863414634146","71.499756097561","71.2280487804878","71.7307317073171","71.5268292682927","71.6043902439024","71.7224390243903","71.6414634146342","71.5609756097561","71.4943902439024","71.3468292682927","71.2087804878049","71.0534146341463","70.8973170731707","70.3512195121951","71.0609756097561","71.4121951219512","71.6634146341463","71.7682926829268","71.8658536585366","72.0658536585366","72.5634146341463","72.5609756097561","72.6121951219512","72.6634146341463","72.9634146341463","73.4121951219512","73.5121951219512","74.1634146341463","74.3146341463415","74.8609756097561","74.4658536585366","74.6146341463415","74.8121951219512","74.8146341463415","74.9634146341464","75.1121951219512","73.3560975609756","71.2121951219512","74.1609756097561","75.7560975609756","75.7609756097561","",
"Bahrain","BHR","Life expectancy at birth, total (years)","SP.DYN.LE00.IN","50.634","52.278","53.893","55.449","56.946","58.379","59.745","61.036","62.253","63.35","64.359","65.279","66.095","66.922","67.633","68.276","68.858","69.383","69.85","70.296","70.684","71.037","71.354","71.637","71.884","72.092","72.257","72.377","72.46","72.524","72.587","72.668","72.785","72.939","73.134","73.361","73.61","73.872","74.138","74.405","74.673","74.942","75.209","75.486","75.787","76.125","76.51","76.952","77.457","78.016","78.593","79.141","79.622","79.998","80.214","80.338","80.407","80.407","80.412","80.471","78.683","78.083","80.992","81.284","81.423","",
"Bahamas, The","BHS","Life expectancy at birth, total (years)","SP.DYN.LE00.IN","62.454","62.813","63.187","63.532","63.897","64.272","64.589","65.03","65.399","65.773","66.163","66.526","66.781","67.147","67.585","68.14","68.529","68.762","68.873","68.96","69.091","69.368","69.682","70.003","70.192","70.289","70.316","70.383","70.508","70.719","70.945","71.183","71.298","71.42","71.429","71.422","71.464","71.597","71.84","72.147","72.481","72.765","73.023","73.213","73.235","73.413","73.456","73.463","73.445","73.455","73.449","73.571","73.707","73.93","74.029","73.805","74.042","74.031","74.062","71.408","72.994","70.752","74.491","74.552","74.71","",
"Bosnia and Herzegovina","BIH","Life expectancy at birth, total (years)","SP.DYN.LE00.IN","58.53","59.285","60.122","60.511","61.511","62.213","63.129","63.734","64.006","64.448","64.844","65.181","65.682","66.586","67.635","68.329","68.574","68.779","68.844","69.083","69.603","70.055","70.076","70.097","70.229","70.582","70.751","70.876","70.97","71.445","71.509","71.813","51.967","50.894","66.603","70.188","73.454","73.895","74.472","74.946","75.292","75.573","75.994","76.449","76.489","76.424","76.028","76.162","76.3","76.701","76.827","76.963","77.037","77.129","77.089","77.073","77.124","77.385","77.942","77.394","76.04","74.567","76.777","77.85","78.044","",
"Belarus","BLR","Life expectancy at birth, total (years)","SP.DYN.LE00.IN","69.2546097560976","69.7383902439024","69.4623170731708","69.7097804878049","70.619243902439","70.5974878048781","70.7689268292683","70.9297804878049","70.8127804878049","70.9780243902439","70.7444878048781","71.0117073170732","70.8493170731708","71.0006585365854","70.8546829268293","70.4570975609756","70.3968292682927","70.2890243902439","70.0817317073171","69.9336341463415","69.9277073170732","69.907512195122","70.0769024390244","69.7948536585366","69.5631951219512","70.9926829268293","71.549512195122","70.990243902439","71.3414634146341","71.4829268292683","70.8365853658537","70.3780487804878","70.0219512195122","68.9707317073171","68.7682926829268","68.4609756097561","68.5121951219512","68.4609756097561","68.4073170731707","67.9073170731707","68.9121951219512","68.5073170731707","68.0560975609756","68.5536585365854","68.9560975609756","68.8512195121951","69.4048780487805","70.2073170731707","70.4560975609756","70.4073170731707","70.4048780487805","70.5536585365854","71.9658536585366","72.4707317073171","72.9707317073171","73.6243902439025","73.8268292682927","74.1292682926829","74.1756097560976","74.2268292682927","72.1385609756098","72.0714634146342","74.1033658536585","74.1837804878049","74.3653414634147","",
"Belize","BLZ","Life expectancy at birth, total (years)","SP.DYN.LE00.IN","57.389","52.944","58.741","59.316","59.84","60.356","60.86","61.437","61.961","62.497","63.044","63.546","64.025","64.487","64.936","65.377","65.765","66.135","66.338","66.677","66.884","67.095","67.339","67.601","67.952","68.347","68.743","69.108","69.401","69.534","69.569","69.645","69.601","69.595","69.585","69.484","69.363","69.183","68.906","68.976","68.911","68.944","69.528","69.819","70.152","70.335","70.535","70.652","70.665","70.806","70.875","70.975","71.134","71.276","71.437","71.647","71.843","72.062","72.322","72.577","71.58","70.917","72.19","73.566","73.739","",
"Bermuda","BMU","Life expectancy at birth, total (years)","SP.DYN.LE00.IN","66.482","67.528","67.884","67.689","67.5","67.582","67.718","67.792","67.898","68.088","68.404","68.98","69.643","70.374","70.864","71.171","71.331","71.616","71.968","72.402","72.666","72.892","73.041","73.24","73.365","73.373","73.368","73.454","73.555","73.733","73.952","74.204","74.446","74.766","75.276","75.92","76.52","76.972","77.389","77.854","78.251","78.637","78.841","78.715","78.898","78.874","78.87","79.006","79.101","79.229","79.414","79.651","79.847","80.016","80.199","80.338","80.476","80.686","80.986","81.251","81.456","81.745","82.062","82.309","82.49","",
"Bolivia","BOL","Life expectancy at birth, total (years)","SP.DYN.LE00.IN","43.338","43.628","44.002","44.335","44.674","45.09","45.479","45.904","46.342","46.705","47.103","47.483","47.829","48.282","48.752","49.336","49.971","50.387","50.838","51.353","51.828","52.259","52.511","52.861","53.383","53.777","54.247","54.901","55.505","56.146","56.797","57.439","57.923","58.66","59.282","59.787","60.287","60.745","61.227","61.655","62.057","62.538","63.068","63.455","63.819","64.182","64.529","64.939","65.299","65.656","66.003","66.282","66.586","66.777","66.97","67.205","67.392","67.536","67.699","67.82","62.906","61.427","67.434","68.581","68.739","",
"Brazil","BRA","Life expectancy at birth, total (years)","SP.DYN.LE00.IN","53.162","53.594","54.017","54.452","54.848","55.243","55.625","56.016","56.47","56.898","57.338","57.786","58.255","58.681","59.081","59.556","60.007","60.461","60.922","61.365","61.819","62.267","62.708","63.133","63.553","63.98","64.389","64.785","65.161","65.514","65.862","66.203","66.539","66.892","67.293","67.701","68.108","68.505","68.848","69.211","69.584","69.98","70.396","70.884","71.361","71.832","72.296","72.73","73.111","73.457","73.779","74.047","74.335","74.609","74.823","75.106","75.081","75.383","75.633","75.809","74.506","73.038","74.872","75.848","76.023","",
"Barbados","BRB","Life expectancy at birth, total (years)","SP.DYN.LE00.IN","64.149","65.033","65.715","66.204","66.678","67.236","67.71","67.92","68.2","68.504","68.518","68.787","69.132","69.108","69.379","69.79","70.114","70.64","71.143","71.549","72.129","72.63","72.903","73.156","73.302","73.316","73.416","73.463","73.431","73.375","73.463","73.543","73.61","73.739","73.755","73.88","74.065","73.988","74.465","74.587","74.58","74.707","74.82","74.865","75.15","74.96","75.049","75.263","75.3","75.458","75.488","75.599","75.737","75.816","75.926","76.055","76.168","76.237","76.378","76.495","76.647","76.58","75.676","76.178","76.332","",
"Brunei Darussalam","BRN","Life expectancy at birth, total (years)","SP.DYN.LE00.IN","58.721","59.387","58.824","60.625","61.267","61.721","62.401","62.909","63.47","63.963","64.49","64.975","65.447","65.95","66.442","66.95","67.411","67.833","68.258","68.642","69.014","69.344","69.669","69.991","70.236","70.499","70.762","70.982","71.183","71.408","71.629","71.858","72.09","72.333","72.571","72.838","73.079","73.326","73.584","73.806","74.017","74.209","74.365","74.509","74.603","74.683","74.753","74.793","74.814","74.814","74.82","74.835","74.843","74.854","74.862","74.88","74.905","74.943","74.992","75.049","75.114","74.869","72.917","75.327","75.501","",
"Bhutan","BTN","Life expectancy at birth, total (years)","SP.DYN.LE00.IN","36.367","36.654","36.992","37.37","37.796","38.263","38.789","39.359","39.96","40.566","41.185","41.83","42.487","43.136","43.8","44.513","45.23","45.95","46.691","47.446","48.198","48.975","49.776","50.553","51.313","52.033","52.826","53.62","54.385","55.12","55.811","56.451","57.208","57.906","58.395","59.277","59.982","60.639","61.322","62.032","61.842","63.323","63.984","64.662","65.29","65.875","66.499","67.152","67.733","68.156","68.765","69.28","69.759","70.161","70.504","70.797","71.119","71.413","71.711","72.005","72.253","72.448","72.754","72.975","73.262","",
"Botswana","BWA","Life expectancy at birth, total (years)","SP.DYN.LE00.IN","51.22","51.781","52.313","52.848","53.358","53.853","54.36","54.859","55.372","55.903","56.446","57.062","57.669","58.286","58.914","59.53","60.209","60.867","61.485","62.035","62.527","63.027","63.382","63.605","63.706","63.647","63.363","62.837","61.696","61.189","60.104","58.911","58.19","57.316","55.97","54.713","54.284","53.594","52.968","52.499","52.263","52.21","52.373","52.851","53.573","54.386","55.112","56.735","57.661","58.297","59.137","59.715","60.384","61.217","62.167","63.215","64.32","65.42","66.371","67.167","67.643","63.303","68.749","69.163","69.293","",
"Central African Republic","CAF","Life expectancy at birth, total (years)","SP.DYN.LE00.IN","39.572","40.056","40.562","41.09","41.64","42.207","42.787","43.379","43.98","44.58","45.176","45.764","46.332","46.884","47.405","47.892","48.355","48.778","49.161","49.5","49.789","50.028","50.213","50.342","50.427","50.463","50.445","50.371","50.243","50.074","49.854","49.575","49.213","48.899","48.509","48.109","47.7","47.284","47.089","46.91","46.609","46.734","46.84","47.306","47.696","48.207","48.687","49.327","49.873","14.665","46.871","50.107","51.336","49.487","40.265","51.934","50.999","45.231","52.297","31.53","50.596","40.279","18.818","57.408","57.671","",
"Canada","CAN","Life expectancy at birth, total (years)","SP.DYN.LE00.IN","71.1331707317073","71.3460975609756","71.3670731707317","71.3807317073171","71.7763414634146","71.8721951219512","72.0043902439024","72.2078048780488","72.3534146341463","72.5014634146341","72.7004878048781","73.0292682926829","72.9339024390244","73.1626829268293","73.2375609756098","73.5217073170732","73.8560975609756","74.2156097560976","74.529756097561","74.8663414634146","75.1021951219512","75.4978048780488","75.7251219512195","76.0604878048781","76.3319512195122","76.3273170731707","76.4639024390244","76.7787804878049","76.8587804878049","77.1248780487805","77.4365853658537","77.5934146341464","77.8380487804878","77.7048780487805","77.8717073170732","77.9773170731707","78.220243902439","78.4124390243903","78.6236585365854","78.8390243902439","79.1668292682927","79.3980487804878","79.5307317073171","79.7151219512195","79.9921951219512","80.1126829268293","80.5436585365854","80.5436585365854","80.7246341463415","81.0660975609756","81.3221951219512","81.4826829268293","81.6636585365854","81.7448780487805","81.7843902439025","81.8258536585366","81.94","81.8078048780488","81.8036585365854","82.1585365853659","81.53","81.4514634146342","81.0948780487805","81.6263414634146","82.1080487804878","",
"Central Europe and the Baltics","CEB","Life expectancy at birth, total (years)","SP.DYN.LE00.IN","67.9434733023062","68.2449510005137","67.7237360493839","68.701000287311","69.1954166717968","69.3501739071743","69.8569852425836","69.3553792979135","69.5735361344225","69.0666027378968","69.3453237706739","69.511244153351","69.9711712459088","70.1095983721633","70.3685700384028","70.18088847064","70.3264076252347","70.2476936568408","70.1498874030423","70.2514817046331","69.8934096584914","70.3720501777774","70.4554733187317","70.3897851694296","70.3491148561342","70.3128834663237","70.5651360397443","70.6117633312342","70.861708225052","70.7319722597485","70.6563313372586","70.5752213034774","70.7328371314157","70.8459866151448","70.8695439447473","71.0254214282891","71.3360580189951","71.5172580696822","71.8982376759956","72.1845610740875","72.719724722779","73.0961481937343","73.2424154880921","73.3822527825258","73.7304349327381","73.8449951359211","74.0926027308098","74.2506487210768","74.5759526780779","74.9303639266576","75.2939657786314","75.8884748834282","76.0033944660035","76.3747350098375","76.6887696437325","76.5755119772504","76.9703062304413","76.929788715597","76.9764380835075","77.2659141936307","76.0162701269145","74.7232827859077","76.6522987292583","77.7580384683685","77.918095146168","",
"Switzerland","CHE","Life expectancy at birth, total (years)","SP.DYN.LE00.IN","71.3134146341463","71.6448780487805","71.1960975609756","71.1875609756098","72.0778048780488","72.2017073170732","72.3356097560976","72.6365853658537","72.590243902439","72.6126829268293","73.020243902439","73.1307317073171","73.6443902439024","73.9409756097561","74.2870731707317","74.6656097560976","74.7853658536585","75.2380487804878","75.1873170731707","75.4660975609756","75.4592682926829","75.6931707317073","76.0339024390244","76.0312195121951","76.6085365853659","76.7336585365854","76.8990243902439","77.1975609756098","77.2265853658537","77.4212195121951","77.2424390243902","77.5146341463415","77.8060975609756","78.0853658536586","78.35","78.4170731707317","78.8960975609756","79.079512195122","79.3243902439025","79.580487804878","79.6804878048781","80.1804878048781","80.3853658536585","80.5365853658537","81.0878048780488","81.2365853658537","81.490243902439","81.7414634146342","81.9926829268293","82.0439024390244","82.2463414634147","82.6951219512195","82.6975609756098","82.7975609756098","83.1975609756098","82.8975609756098","83.6024390243903","83.5512195121951","83.7536585365854","83.9048780487805","83","83.7512195121951","83.6048780487805","84.1560975609756","84.4073170731707","",
"Channel Islands","CHI","Life expectancy at birth, total (years)","SP.DYN.LE00.IN","72.5","71.6","72","72.2","72","71.6","72.3","72.2","71.7","71.7","71.8","72","72","72.7","72.5","72.6","72.7","72.9","73.1","73.2","73.9","73.8","73.1","74.9","75.2","75.3","75.4","75.7","76","76.5","76.3","76.5","77.1","76.8","77","77.7","77.8","78.2","78.5","79.1","78.8","79","79.1","79.4","79.8","80.1","80.4","80.6","80.8","81","81.2","81.4","81.3","81.5","81.6","81.4","81.2","81","81.1","81.2","80.9","80.3","81","81.1","81.2","",
"Chile","CHL","Life expectancy at birth, total (years)","SP.DYN.LE00.IN","57.216","57.309","57.811","58.349","58.812","59.473","60.373","61.054","61.68","62.341","62.634","63.072","63.717","64.42","65.085","66.037","66.819","67.529","68.042","68.858","69.475","69.822","70.291","70.83","71.215","71.615","72.061","72.466","72.788","73.188","73.675","74.082","74.367","74.679","74.973","75.298","75.555","75.826","76.324","76.738","77.128","77.58","77.84","77.884","78.276","78.459","78.533","78.652","78.752","78.89","79.095","79.236","79.221","79.551","79.714","80.008","80.295","80.61","80.559","80.324","79.349","78.876","79.176","81.167","81.359","",
"China","CHN","Life expectancy at birth, total (years)","SP.DYN.LE00.IN","33.419","40.158","50.959","51.67","52.343","53.001","53.662","54.401","55.191","55.988","56.824","57.731","58.579","59.496","60.241","60.952","61.225","62.458","63.102","63.704","64.243","64.778","65.249","65.728","66.148","66.532","66.887","67.263","67.607","67.93","68.155","68.61","69.059","69.492","69.835","70.363","70.823","71.227","71.601","71.952","72.288","72.675","73.034","73.385","73.727","74.085","74.404","74.789","74.833","75.317","75.668","75.889","76.2","76.452","76.714","76.975","77.214","77.235","77.709","77.94","78.019","78.117","78.202","77.953","78.017","",
"Cote d'Ivoire","CIV","Life expectancy at birth, total (years)","SP.DYN.LE00.IN","37.244","37.923","38.62","39.315","39.966","40.643","41.297","41.959","42.648","43.345","44.045","44.783","45.575","46.372","47.207","48.03","48.863","49.624","50.361","50.983","51.437","51.791","52.09","52.352","52.648","52.861","53.009","53.118","53.062","52.955","52.796","52.621","52.429","52.247","52.005","51.713","51.596","51.498","51.22","51.273","51.393","51.428","51.544","51.443","51.939","52.432","52.885","53.452","54.179","54.744","55.282","55.972","56.57","57.057","57.772","58.281","58.814","59.315","59.795","60.274","60.14","60.29","61.562","61.944","62.11","",
"Cameroon","CMR","Life expectancy at birth, total (years)","SP.DYN.LE00.IN","34.667","35.186","42.599","43.074","43.596","44.175","44.839","45.602","46.389","47.191","47.954","48.577","49.12","49.517","49.734","49.891","50.017","50.13","50.319","50.535","50.852","51.227","51.801","52.447","52.886","53.465","53.572","54.188","54.359","54.389","54.348","54.168","54.053","53.872","53.537","53.347","53.2","53.105","53.043","53.166","53.338","53.598","53.922","54.253","54.578","54.904","55.301","55.71","56.116","56.486","56.965","57.482","58.17","58.73","59.13","59.687","60.293","60.817","61.189","61.695","61.674","61.146","62.443","63.7","63.968","",
"Congo, Dem. Rep.","COD","Life expectancy at birth, total (years)","SP.DYN.LE00.IN","40.752","40.161","40.382","40.604","40.099","40.767","42.169","42.339","42.667","42.959","43.3","43.578","43.869","44.09","44.311","44.53","44.695","44.866","44.628","45.278","45.543","45.726","45.946","46.207","46.514","46.663","47.016","47.362","47.755","48.149","48.538","48.944","49.323","49.621","49.88","50.381","49.376","50.461","49.664","50.089","51.887","52.205","52.371","52.952","53.534","54.001","54.498","54.954","55.388","55.798","56.411","56.911","57.35","57.795","58.236","58.658","59.081","59.495","59.926","60.242","60.428","60.044","60.979","61.895","62.074","",
"Congo, Rep.","COG","Life expectancy at birth, total (years)","SP.DYN.LE00.IN","47.595","48.351","49.038","49.729","50.363","50.996","51.557","51.91","52.62","53.114","53.555","53.983","54.361","54.744","55.053","55.402","55.699","56.027","56.248","56.524","56.803","57.065","57.236","57.428","57.54","57.608","57.633","57.59","57.493","57.292","57.07","56.764","56.483","56.041","55.641","55.474","55.24","48.575","52.551","54.427","55.371","55.885","56.414","57.131","57.957","58.73","59.474","60.05","60.79","61.215","61.731","62.286","62.662","62.969","63.349","63.662","63.911","64.203","64.472","63.152","64.391","64.192","65","65.772","66.001","",
"Colombia","COL","Life expectancy at birth, total (years)","SP.DYN.LE00.IN","56.609","57.203","57.737","58.296","58.77","59.247","59.713","60.15","60.572","61.031","61.465","62.005","62.53","62.991","63.497","64.012","64.642","65.237","65.827","66.162","66.693","67.189","67.861","68.121","68.308","65.359","68.303","68.166","68.301","68.616","68.701","68.772","68.764","69.083","69.422","69.81","70.209","70.632","70.924","70.913","70.905","71.185","71.537","72.309","72.76","73.156","73.497","73.751","74.206","74.531","74.876","75.18","75.611","75.834","75.95","76.067","76.228","76.418","76.579","76.793","74.757","72.698","76.508","77.725","77.913","",
"Comoros","COM","Life expectancy at birth, total (years)","SP.DYN.LE00.IN","40.777","41.157","41.534","41.909","42.328","42.676","43.153","43.593","44.101","44.643","45.226","45.849","46.463","47.045","47.609","46.866","48.645","49.17","49.702","50.126","50.681","51.211","51.75","52.121","52.784","53.263","53.756","54.134","54.678","54.983","55.62","56.104","56.576","57.026","57.458","57.83","58.151","58.228","58.301","58.853","58.941","59.587","59.723","60.24","60.557","60.883","61.229","61.475","61.955","62.302","62.747","63.105","63.463","63.839","64.143","64.473","64.792","65.127","65.401","65.662","65.756","65.201","66.481","66.777","67.023","",
"Cabo Verde","CPV","Life expectancy at birth, total (years)","SP.DYN.LE00.IN","48.713","49.419","50.239","51.145","52.089","53.04","53.922","54.716","55.426","56.038","56.559","57.027","57.486","57.979","58.432","58.976","59.396","59.986","60.381","60.726","61.031","61.299","61.519","61.767","61.829","62.281","62.584","62.91","63.242","63.566","63.869","64.066","64.253","64.458","64.648","63.691","65.521","66.082","66.714","67.409","68.117","68.707","69.447","70.006","70.499","70.936","71.341","71.487","71.888","72.142","72.507","72.913","73.315","73.481","73.788","74.096","74.35","74.71","74.84","75.449","73.818","74.424","75.907","76.059","76.224","",
"Costa Rica","CRI","Life expectancy at birth, total (years)","SP.DYN.LE00.IN","63.463","63.86","64.232","64.326","64.493","64.76","65.096","65.552","65.78","66.363","66.787","67.413","68.014","68.731","69.446","70.253","70.946","71.519","72.029","72.537","73.034","73.441","73.865","74.245","74.581","74.765","74.949","75.224","75.546","75.85","76.094","76.237","76.385","76.315","76.329","76.44","76.428","76.603","76.869","77.058","77.317","77.609","77.939","78.214","78.512","78.877","79.049","79.098","79.18","79.372","79.354","79.624","79.925","80.189","80.231","80.407","79.988","79.994","80.09","80.296","79.725","78.05","79.316","80.799","80.996","",
"Caribbean small states","CSS","Life expectancy at birth, total (years)","SP.DYN.LE00.IN","60.296075668361","60.6711127417416","61.3667549797074","61.7172822835503","62.1169378577451","62.4278990121485","62.6884918476318","62.9192125043111","63.1479760026189","63.33755991721","63.4911250565343","63.6421609824809","63.8575897472923","64.0524260879545","64.2632555178344","64.4830054154269","64.7562510158021","64.9726079530578","65.124540894628","65.3472416749228","65.5015818836058","65.663476004232","65.7783229185472","65.84727013816","66.1398702250845","66.3020597761834","66.4113027349313","66.5709445359728","66.740440354245","66.9248001727378","67.0451505140017","67.2193770605245","67.353289397098","67.4755646816358","67.5216611384859","67.5555715464801","67.6264024288204","67.7365433173653","67.9849230739004","68.2095641265771","68.3976758324657","68.6619722928042","68.8997139018751","69.0876488979237","69.3609701933726","69.6320513314341","69.9344232165599","70.2937333399206","70.5499974705246","70.797737511813","71.0114366987074","71.266093287793","71.4019143290264","71.5692506084297","71.7739411761824","71.8641021665476","72.0516361154512","72.1731041595093","72.2210854022703","72.1292604830284","71.9394359303317","69.9228107471769","72.8322921090607","73.1716450013098","73.3126671321816","",
"Cuba","CUB","Life expectancy at birth, total (years)","SP.DYN.LE00.IN","63.316","63.743","64.374","64.347","65.264","65.636","66.074","66.514","66.944","67.358","67.935","68.432","68.949","69.347","69.867","70.375","70.878","71.411","71.89","72.272","72.603","72.996","73.439","73.564","73.552","73.464","73.558","73.596","73.724","73.69","73.823","73.757","73.846","73.874","74.092","74.346","74.69","75.064","75.412","75.719","75.922","76.429","76.766","77.405","77.326","77.54","77.406","77.55","77.589","77.584","77.876","78.051","78.162","78.028","77.825","77.745","77.571","77.3","77.426","77.413","77.407","73.201","77.629","78.085","78.264","",
"Curacao","CUW","Life expectancy at birth, total (years)","SP.DYN.LE00.IN","65.406","65.745","66.027","66.312","66.59","66.862","67.136","67.405","67.67","67.929","68.23","68.505","68.811","69.092","69.394","69.672","69.951","70.202","70.445","70.716","70.951","71.175","71.377","71.534","71.715","71.867","71.996","72.139","72.23","72.151","72.439","72.536","72.65","72.703","72.791","72.831","72.945","73.035","73.084","73.174","73.283","73.36","73.472","73.603","73.735","73.873","73.978","74.137","74.314","74.485","75.117","75.576","75.96","76.239","76.384","76.482","76.322","76.423","76.493","76.492","76.501","75.686","76.729","76.8","76.989","",
"Cayman Islands","CYM","Life expectancy at birth, total (years)","SP.DYN.LE00.IN","58.782","59.426","60.09","60.78","61.436","62.186","62.841","63.205","63.597","63.965","64.383","64.827","65.365","65.889","66.489","67.044","67.549","68.08","68.533","69.02","69.487","69.951","70.407","70.839","71.187","71.558","71.869","72.13","72.351","72.545","72.744","72.911","73.088","73.25","73.42","73.597","73.74","73.904","74.08","74.232","74.378","74.529","74.609","74.639","74.596","74.863","75","75.152","75.386","75.671","76.069","76.562","77.121","77.652","77.865","78.119","78.367","78.615","78.835","79.052","79.23","79.3","79.984","80.358","80.54","",
"Cyprus","CYP","Life expectancy at birth, total (years)","SP.DYN.LE00.IN","63.32","64.076","64.72","61.779","62.24","66.124","66.489","66.906","67.251","67.599","68.05","68.351","68.629","69.005","54.551","70.336","70.805","71.258","71.741","72.179","72.844","73.053","73.518","73.708","74","74.64","74.93","75.264","75.39","75.841","76.044","76.246","76.291","76.294","76.383","76.583","76.88","77.119","77.164","77.572","77.9","78.185","78.758","78.908","79.007","79.198","79.456","79.798","79.906","80.375","80.632","80.855","81.128","81.317","81.337","81.464","81.534","81.543","81.556","81.454","81.23","80.573","80.434","81.648","81.821","",
"Czechia","CZE","Life expectancy at birth, total (years)","SP.DYN.LE00.IN","70.3487804878049","70.5126829268293","69.7868292682927","70.3043902439025","70.459512195122","70.1631707317073","70.3848780487805","70.2641463414634","69.8407317073171","69.3670731707317","69.440243902439","69.6770731707317","70.1765853658537","70.0226829268293","70.0865853658537","70.4146341463415","70.5326829268293","70.5734146341463","70.6439024390244","70.749512195122","70.2780487804878","70.7221951219512","70.8078048780488","70.5914634146341","70.8375609756098","71.0463414634146","70.9973170731707","71.4456097560976","71.6414634146342","71.6756097560976","71.3839024390244","71.8982926829268","72.2717073170732","72.7678048780488","72.9726829268293","73.0748780487805","73.7146341463415","73.8248780487805","74.5146341463415","74.6682926829268","74.9682926829268","75.1731707317073","75.2219512195122","75.1707317073171","75.7219512195122","75.9243902439025","76.5243902439024","76.7243902439025","76.9756097560976","77.0780487804878","77.4243902439025","77.8731707317073","78.0756097560976","78.1756097560976","78.8243902439024","78.5780487804878","79.0268292682927","78.9780487804878","79.0292682926829","79.2292682926829","78.2268292682927","77.2219512195122","78.9292682926829","79.8268292682927","79.9780487804878","",
"Germany","DEU","Life expectancy at birth, total (years)","SP.DYN.LE00.IN","69.0640731707317","69.6448780487805","69.7992195121951","69.9140731707317","70.4355609756098","70.4103658536585","70.5215853658537","70.7317317073171","70.3784634146342","70.2288048780488","70.4471951219512","70.676756097561","70.9067073170732","71.1128048780488","71.4189268292683","71.259243902439","71.7122195121951","72.3073170731707","72.2904146341464","72.6301707317073","72.8003170731707","73.0402195121951","73.3331463414634","73.6221463414634","74.0722926829268","74.1890975609756","74.3968292682927","74.8070243902439","74.9987317073171","75.1915365853659","75.0856341463415","75.319512195122","75.819512195122","75.8707317073171","76.2707317073171","76.4219512195122","76.6731707317073","77.0731707317073","77.4756097560976","77.7268292682927","77.9268292682927","78.3292682926829","78.2292682926829","78.3804878048781","78.6804878048781","78.9317073170732","79.1317073170732","79.5341463414634","79.7365853658537","79.8365853658537","79.9878048780488","80.4365853658537","80.5390243902439","80.490243902439","81.090243902439","80.6414634146341","80.990243902439","80.9926829268293","80.8926829268293","81.2926829268293","81.0414634146342","80.790243902439","80.6080487804878","81.0414634146342","80.7926829268293","",
"Djibouti","DJI","Life expectancy at birth, total (years)","SP.DYN.LE00.IN","43.421","43.781","44.092","44.442","44.812","45.234","45.62","46.103","46.552","47.067","47.536","47.259","48.532","49.097","49.52","49.923","50.335","50.755","51.172","51.597","52.046","52.355","52.893","53.334","53.745","54.075","54.494","54.832","55.133","55.369","55.469","55.194","54.375","55.734","55.592","56.234","56.33","56.207","56.426","56.564","56.734","57.506","57.824","58.041","58.103","58.548","58.962","59.362","59.815","60.351","60.743","61.337","61.719","62.116","62.427","62.833","63.335","63.71","64.105","64.381","64.2","63.83","65.54","65.987","66.202","",
"Dominica","DMA","Life expectancy at birth, total (years)","SP.DYN.LE00.IN","60.076","61.022","61.894","62.612","63.278","63.913","64.457","64.856","65.277","65.704","66.208","66.763","67.468","68.097","68.585","69.059","69.411","69.715","70.115","69.195","71.013","71.46","71.749","72.005","71.913","71.918","71.671","71.368","70.974","70.663","70.471","70.398","70.473","70.612","70.777","70.832","71.039","71.195","71.352","71.527","71.715","71.862","71.927","71.942","71.987","72.016","72.007","71.901","71.945","71.835","71.68","71.517","71.391","71.228","71.189","69.968","71.189","68.62","71.378","71.305","71.269","69.832","71.081","71.132","71.294","",
"Denmark","DNK","Life expectancy at birth, total (years)","SP.DYN.LE00.IN","72.1765853658537","72.4382926829268","72.319756097561","72.4004878048781","72.4851219512195","72.3707317073171","72.4441463414634","72.9221951219512","73.1214634146341","73.2209756097561","73.3434146341463","73.4146341463415","73.4390243902439","73.6821951219512","73.8082926829268","74.0751219512195","73.739756097561","74.6324390243903","74.3929268292683","74.2192682926829","74.1017073170732","74.2304878048781","74.5512195121951","74.4204878048781","74.5621951219512","74.4275609756098","74.579756097561","74.6912195121951","74.7717073170732","74.799756097561","74.8053658536585","75.1578048780488","75.1941463414634","75.1168292682927","75.3751219512195","75.2126829268293","75.5914634146342","75.9451219512195","76.1390243902439","76.3414634146341","76.5926829268293","76.7926829268293","76.8951219512195","77.1439024390244","77.4926829268293","77.8439024390244","78.0951219512195","78.1951219512195","78.4463414634146","78.5975609756098","79.1","79.8","80.0512195121951","80.3","80.7","80.7024390243902","80.8536585365854","81.1024390243903","80.9536585365854","81.4512195121951","81.6024390243903","81.4048780487805","81.3048780487805","81.7536585365854","82.2536585365854","",
"Dominican Republic","DOM","Life expectancy at birth, total (years)","SP.DYN.LE00.IN","51.705","52.447","53.199","53.754","54.653","52.842","55.965","56.646","57.272","57.886","58.493","59.09","59.661","60.228","60.757","61.254","61.739","62.2","62.624","62.425","63.391","63.776","64.198","64.63","65.134","65.614","66.059","66.49","66.914","67.331","67.746","68.154","68.525","68.86","69.16","69.394","69.595","69.809","69.875","70.178","70.365","70.553","70.719","70.856","70.73","71.043","71.054","71.097","71.331","71.587","72.039","72.496","72.817","73.038","73.145","72.982","72.889","73.37","73.555","73.112","72.636","71.757","74.211","73.72","73.868","",
"Algeria","DZA","Life expectancy at birth, total (years)","SP.DYN.LE00.IN","40.839","40.792","39.527","43.143","42.987","42.846","42.745","42.731","42.806","42.991","43.328","43.782","44.384","45.102","45.953","46.921","48.034","49.249","50.615","52.409","54.512","57.422","59.594","61.251","62.722","64.155","65.273","66.13","66.91","67.461","67.658","67.692","67.725","67.797","67.284","67.691","68.219","68.859","69.327","70.088","70.576","71.025","71.644","71.906","72.536","72.836","73.116","73.346","73.618","73.871","74.144","74.383","74.609","74.809","74.992","75.159","75.31","75.431","75.555","75.682","73.257","75.208","76.129","76.261","76.475","",
"East Asia & Pacific (excluding high income)","EAP","Life expectancy at birth, total (years)","SP.DYN.LE00.IN","37.8466800040122","43.0718590813637","51.1681121036194","51.7681450573472","52.4171588133588","52.2581979727025","53.3933594845253","54.2892150551886","54.8324592953438","55.6285450052639","56.3203931281955","57.1303709633156","57.7156512884068","58.6228455805158","59.2392889521427","59.9868509926584","60.3573474938735","61.4151431159235","62.0075440158344","62.6851715160871","63.211273103632","63.6998592239519","64.1753657541559","64.6556776282209","65.0863045216249","65.4852242844023","65.8380343385992","66.2183226855877","66.5626810949702","66.9037713059909","67.1505842545801","67.5660002700394","68.000610788992","68.4232238260309","68.7211784784976","69.0308782434899","69.4257385136911","69.7948438007995","70.1277624206179","70.4226591214606","70.7357071585237","71.0740923872156","71.3967499620569","71.80399562865","71.8588009229193","72.3983266445825","72.6518704363172","72.9937536648265","72.9241376220933","73.4677878146597","73.7616390609633","73.9857453156401","74.2597872053228","74.4859323786011","74.7194528121745","74.9511243848739","75.1559117663434","75.2396714880306","75.57828618156","75.7689690321509","75.6976393295064","75.2781418410849","75.9325409436903","75.8806830895266","75.9593161676786","",
"Early-demographic dividend","EAR","Life expectancy at birth, total (years)","SP.DYN.LE00.IN","46.9134137524997","47.4049371428945","47.8504747085533","48.2540310248326","48.7359855859096","47.7516142402706","48.7556114037242","49.4353473393953","50.4370799998856","50.8367203829321","50.7562265845122","50.1319645082879","51.9456584454006","52.3605692852105","52.8062312551309","53.2230312637084","53.7430270036141","54.3131938907929","54.8255944030019","55.521187561392","56.0689071700147","56.5244719931505","57.0197488498526","57.4510681138408","57.9894302688143","58.4763972056237","58.9311533667492","59.5262782264047","59.9083479091239","60.3479926774692","60.6383261325043","60.9285000051494","61.3966854252467","61.7375698841275","61.9773008421088","62.4045286349908","62.7427843008096","63.0987415789804","63.4369665976201","63.7793798044262","64.2196098284934","64.55670545203","64.9680746751559","65.2791550496845","65.5132392756465","65.9797864104925","66.3919300050345","66.7605467353128","67.0218187568003","67.496408245139","67.8244434669729","68.2600380693651","68.6094630284121","68.962837783411","69.3249758824304","69.6305484421664","69.9484837084835","70.2729949393554","70.5486659921504","70.8424064605001","69.8801308490982","68.1790994839634","71.4304552508694","71.7962449795855","72.0081190674171","",
"East Asia & Pacific","EAS","Life expectancy at birth, total (years)","SP.DYN.LE00.IN","41.7077571998044","46.3219218941066","53.3100671112346","53.9106157683897","54.5116155619844","54.3828119308802","55.3828850035083","56.3184553539095","56.7807399684129","57.4977516700386","58.1074187606119","58.8951346655867","59.4339117165802","60.2382480997819","60.8146155439201","61.5247084281974","61.8888637176415","62.8630319979597","63.4162170600045","64.0552181360129","64.5196525642241","64.9915195437221","65.4523671492189","65.8821127030231","66.3052538575868","66.6870005932968","67.0393832784245","67.4117708179475","67.7134517924494","68.0497123523571","68.2825492584448","68.6751933934946","69.0651062725422","69.4645680383496","69.7609957361386","70.0243977782735","70.4333037747705","70.790128954889","71.0996369774154","71.367553266776","71.7028323240299","72.0413059988773","72.3571058107458","72.7346908938812","72.812660596894","73.2984345512681","73.5640440034614","73.8948513504332","73.8481629943997","74.3683471715786","74.6299790050688","74.8252830592191","75.1059726864745","75.3347729864006","75.5644270391791","75.7926010192992","75.9870166732102","76.0789923585537","76.3914229383171","76.5862412994962","76.5433946923267","76.152941315904","76.6767167147452","76.6572021082574","76.7378937238629","",
"Europe & Central Asia (excluding high income)","ECA","Life expectancy at birth, total (years)","SP.DYN.LE00.IN","60.8940384030688","61.4288162894425","61.7733246615368","62.1653285654095","62.5379116854871","62.823862622442","63.0645763264705","63.3021643067264","63.4247437131601","63.5736193358617","63.7510745026398","63.9691523798768","64.2488185398089","64.4484851248829","64.6259763609963","64.7418564922526","64.8859950841245","65.1099540524141","65.3066675224162","65.4905513472139","65.7563343089742","66.0024250888525","66.3012529579396","66.535623802953","66.7627536380464","67.2379087353848","67.6608539797877","67.9520523171406","67.8511428551546","68.2628351276386","68.2078850416034","68.0578562708201","67.2516325508895","67.0592633886878","67.3074919162119","67.4447367389633","67.7208847902853","68.0432457554526","68.3390752647748","68.2027797821178","68.8570531906331","69.0902777061194","69.3187306210866","69.5879019097604","69.7911486482047","69.9595147646973","70.2178659389806","70.5579786921334","70.9743175160426","71.442292156273","71.9125911481178","72.1509502224104","72.6735984954506","73.1258294397593","73.4195161256746","73.755408258866","74.0313769065099","74.4033539029016","74.5927989243036","74.8158340567546","73.5536868675669","72.8823762052943","74.5731684190474","74.7901416269909","75.1422790044247","",
"Europe & Central Asia","ECS","Life expectancy at birth, total (years)","SP.DYN.LE00.IN","67.4196024070789","67.7350311394087","67.6933235402832","68.0406325312611","68.5255322940532","68.5938024181629","68.8080130632047","68.8639036660679","68.8261571131827","68.6805439074408","68.9792127591272","69.1541549538501","69.3852254169036","69.4951524884982","69.7092587055853","69.6471268391087","69.7716657665012","69.9933484309869","70.0704792740795","70.2055155362787","70.2816883304413","70.5651599900075","70.8722587878314","70.9227626462274","71.0629959165545","71.3025072975798","71.8116782483803","72.0267255306422","72.1057055746053","72.2249939268903","72.1943876550158","72.1536904147041","71.8543270329612","71.5316171824395","71.6871244068541","71.830263572355","72.2499242620434","72.6453011952902","72.9146929766169","72.8389666506017","73.1137123890211","73.3558243150228","73.4464115251961","73.5627467942119","73.9880374819429","74.1536447949151","74.6397717965131","75.0086537519123","75.3023142874929","75.6891993778767","75.9953558296811","76.4793686032862","76.6804966624792","77.0324350526049","77.3535744682317","77.3309344089138","77.6812778388278","77.8990078299354","78.030262884925","78.3038616280055","77.1754769112247","76.7286208536036","77.8345651348625","78.3912342010497","78.5976161914947","",
"Ecuador","ECU","Life expectancy at birth, total (years)","SP.DYN.LE00.IN","53.396","54.052","54.681","55.322","55.95","56.524","57.019","57.482","57.946","58.267","58.85","59.343","59.816","60.306","60.7","61.085","61.425","61.935","62.397","62.854","63.326","63.809","64.271","64.659","65.202","65.625","66.123","66.587","67.038","67.817","68.445","69.04","69.468","70.07","70.876","71.349","71.82","72.007","71.949","71.92","72.09","72.571","73.164","73.632","73.868","73.909","74.01","74.226","74.709","74.901","75.188","75.179","75.486","75.832","76.141","76.222","76.094","76.22","77.248","77.286","72.004","72.746","76.577","77.392","77.579","",
"Egypt, Arab Rep.","EGY","Life expectancy at birth, total (years)","SP.DYN.LE00.IN","44.436","45.146","45.844","46.493","47.075","47.577","47.988","48.13","48.602","48.7","49","49.48","49.908","50.098","51.044","51.734","52.484","53.272","54.075","54.876","55.673","56.454","57.219","57.967","58.697","59.405","60.085","60.736","61.358","61.949","62.513","63.059","63.585","64.147","64.663","65.214","65.733","66.207","66.635","67.01","67.332","67.612","67.846","68.045","68.211","68.355","68.493","68.627","68.761","68.915","69.078","69.232","69.464","69.632","69.911","70.135","70.437","70.709","70.974","71.213","69.79","68.976","71.01","71.633","71.806","",
"Euro area","EMU","Life expectancy at birth, total (years)","SP.DYN.LE00.IN","69.2639076844356","69.6762517361031","69.6326415063394","69.8117701949832","70.3679084672257","70.4537395951948","70.6957545005792","70.849585483823","70.7847565542294","70.6814044478511","71.1118366549764","71.2475254454292","71.5901049351489","71.7111065165473","72.0351413675114","72.0978403744762","72.4256860287628","72.8337075016953","72.9928797098568","73.3260120811833","73.4658093363859","73.7450207858302","74.0684148184191","74.1429079240191","74.532110248549","74.6603081545583","74.9602089304984","75.2585168769323","75.4474966911713","75.6327834257106","75.7055750121233","75.8510068576846","76.1821215982732","76.2825527048644","76.5828308487304","76.7339305428791","76.9903570684","77.3294604812935","77.5534412620789","77.7845407019916","78.039870197159","78.3814988457687","78.47640957321","78.5041960429858","79.0807404551257","79.2220583562048","79.6483122606306","79.8861982263507","80.093489056692","80.304609573735","80.5463865166925","81.0342959599905","81.0387114639645","81.3323585033306","81.7426558325458","81.381552979083","81.7681051866776","81.747020423342","81.8676373939947","82.1461011396487","81.3366927821764","81.3931203059577","81.4869473735593","82.1378956135498","82.246870032101","",
"Eritrea","ERI","Life expectancy at birth, total (years)","SP.DYN.LE00.IN","37.443","37.912","38.346","38.833","39.184","39.576","37.634","40.151","40.483","40.792","41.162","41.527","40.723","41.131","39.001","39.031","42.587","42.984","43.38","43.78","44.625","44.974","44.891","37.173","37.679","38.586","39.541","47.363","48.094","47.802","49.733","50.516","52.436","53.189","54.027","54.822","55.498","56.155","49.997","44.506","56.285","58.359","58.941","59.455","60.063","60.628","61.457","61.998","62.422","63.203","63.665","64.231","64.697","65.005","65.517","65.909","66.242","66.612","66.979","67.306","66.98","66.94","67.789","68.624","68.893","",
"Spain","ESP","Life expectancy at birth, total (years)","SP.DYN.LE00.IN","69.1092682926829","69.4804878048781","69.5190243902439","69.6812195121951","70.399756097561","70.8092682926829","71.0551219512195","71.2529268292683","71.5378048780488","71.0575609756098","72.0273170731707","71.630243902439","72.8180487804878","72.6107317073171","72.969756097561","73.3187804878049","73.6426829268293","74.1319512195122","74.2956097560976","74.8187804878049","75.3492682926829","75.5285365853659","76.1341463414634","75.9090243902439","76.2953658536586","76.259512195122","76.5104878048781","76.7280487804878","76.7470731707317","76.8136585365854","76.8375609756098","76.9712195121951","77.41","77.5465853658537","77.9014634146342","77.9807317073171","78.1204878048781","78.6041463414634","78.6658536585366","78.7170731707317","78.9658536585366","79.3682926829268","79.5682926829268","79.619512195122","79.8707317073171","80.1707317073171","80.8219512195122","80.8731707317073","81.1756097560976","81.4756097560976","81.6268292682927","82.4756097560976","82.4268292682927","83.0780487804878","83.2292682926829","82.8317073170732","83.3292682926829","83.2829268292683","83.4317073170732","83.8317073170732","82.2317073170732","83.1780487804878","83.1341463414634","83.9341463414634","83.8878048780488","",
"Estonia","EST","Life expectancy at birth, total (years)","SP.DYN.LE00.IN","68.749268292683","69.0778780487805","69.2920243902439","69.3215609756098","70.0720975609756","70.1765853658537","70.1464634146342","70.4324146341464","70.0807804878049","69.7894634146342","69.9242195121951","70.1225609756098","69.9291951219512","70.2300243902439","70.3461951219512","69.7081219512195","69.3450731707317","69.4489512195122","69.2972682926829","69.0543170731707","69.1147804878049","68.9780487804878","69.1268292682927","69.3756097560976","69.2780487804878","69.3804878048781","70.0853658536585","70.6439024390244","70.6975609756098","70.0390243902439","69.4756097560976","69.3731707317073","68.8634146341464","67.909756097561","66.5","67.5439024390244","69.6121951219512","69.809756097561","69.3585365853659","70.0634146341463","70.4170731707317","70.2585365853659","70.9048780487805","71.3170731707317","71.909756097561","72.5682926829268","72.6914634146341","72.8146341463415","73.7707317073171","74.8243902439024","75.4292682926829","76.2292682926829","76.3268292682927","77.1414634146341","77.0341463414634","77.590243902439","77.6414634146342","78.0926829268293","78.2439024390244","78.6463414634147","78.5951219512195","76.9439024390244","77.8439024390244","78.7926829268293","79.2951219512195","",
"Ethiopia","ETH","Life expectancy at birth, total (years)","SP.DYN.LE00.IN","39.615","40.198","40.531","40.967","41.261","41.413","39.343","41.941","42.092","42.131","42.115","42.216","41.035","41.103","39.083","38.941","41.32","41.397","41.506","42.376","42.815","43.084","43.434","36.319","36.737","37.747","38.371","45.892","45.682","45.644","45.117","46.657","47.279","47.676","47.926","48.156","48.697","49.21","49.785","49.486","50.88","51.428","52.085","52.877","53.735","54.364","55.402","56.566","57.733","58.715","59.709","60.595","61.443","62.161","62.927","63.592","64.162","64.766","65.257","65.741","65.969","65.33","66.897","67.315","67.603","",
"European Union","EUU","Life expectancy at birth, total (years)","SP.DYN.LE00.IN","69.0671020895382","69.4392695905887","69.2909076137991","69.6489882848285","70.1647343396653","70.2771902460445","70.5914564639663","70.5976966281429","70.5992917183003","70.4245972154549","70.8238607805578","70.9648430220726","71.3489565159984","71.4688868369684","71.7828836602127","71.8015512727738","72.0726505674169","72.3957408451131","72.4874680045248","72.7686028234294","72.7921827190342","73.1262054825649","73.4060845301011","73.4512324564333","73.7432948733931","73.819846761556","74.076710462605","74.3236926397558","74.5308842150422","74.6599702422021","74.7025399644901","74.8156196057326","75.1320469492226","75.2586919339716","75.529313881825","75.674162689793","75.92681219796","76.2445492728609","76.5133291555952","76.7479622793438","77.0782450771112","77.4256390326754","77.5340746440768","77.5923748441053","78.1178281794517","78.2751410316852","78.6721282949285","78.9060450955774","79.1296281887548","79.362438680677","79.6354307923887","80.1439505204153","80.1657773209271","80.4734324600181","80.8760173893061","80.5707965259","80.9529785979391","80.9301511681956","81.0303425240609","81.3194524901835","80.4414754678551","80.3071959761974","80.7133261894067","81.4249329538218","81.5608466061313","",
"Finland","FIN","Life expectancy at birth, total (years)","SP.DYN.LE00.IN","68.819756097561","68.8441463414634","68.5778048780488","69.0126829268293","69.2209756097561","68.9778048780488","69.4770731707317","69.6665853658537","69.6163414634146","69.5034146341464","70.179512195122","70.0175609756098","70.7073170731707","71.2236585365854","71.1348780487805","71.6736585365854","71.8129268292683","72.350243902439","72.8970731707317","73.1553658536586","73.44","73.7465853658537","74.2980487804878","74.2009756097561","74.5190243902439","74.2229268292683","74.56","74.5919512195122","74.5770731707317","74.7921951219512","74.8131707317073","75.2275609756098","75.4553658536585","75.7051219512195","76.3956097560976","76.409512195122","76.6934146341464","76.8785365853659","77.0907317073171","77.2912195121951","77.4658536585366","77.9658536585366","78.119512195122","78.3682926829268","78.7146341463415","78.8170731707317","79.2146341463415","79.2634146341464","79.5682926829268","79.719512195122","79.8707317073171","80.4707317073171","80.6268292682927","80.9756097560976","81.1804878048781","81.4804878048781","81.4292682926829","81.6317073170732","81.7341463414634","81.9829268292683","81.9317073170732","81.8853658536585","81.1878048780488","81.5853658536585","82.3365853658537","",
"Fiji","FJI","Life expectancy at birth, total (years)","SP.DYN.LE00.IN","58.602","59.102","59.654","60.155","60.714","61.413","61.565","61.442","61.719","61.397","61.652","61.74","61.63","60.649","61.194","61.689","62.1","62.691","63.065","62.305","62.406","62.255","62.195","62.916","63.238","63.998","63.961","64.278","64.951","65.386","65.056","65.457","65.407","65.51","65.796","66.007","66.202","66.293","66.536","66.728","66.194","66.205","65.492","65.653","65.841","65.983","66.126","66.161","66.32","66.347","66.778","66.88","65.812","66.545","66.581","66.48","66.657","67.06","66.965","67.009","66.924","64.904","67.148","67.316","67.463","",
"France","FRA","Life expectancy at birth, total (years)","SP.DYN.LE00.IN","69.8682926829268","70.1170731707317","70.3146341463415","70.5146341463415","70.6634146341463","70.8121951219512","70.9609756097561","71.1609756097561","71.309756097561","71.4585365853659","71.6585365853659","71.9073170731707","72.1073170731707","72.3560975609756","72.6048780487805","72.8536585365854","73.1024390243903","73.3512195121951","73.6024390243903","73.8512195121951","74.0512195121951","74.3","74.5","74.8","75","75.3","75.6","75.8","76.1","76.3487804878049","76.6","76.8487804878049","77.1","77.3","77.6487804878049","77.7512195121951","77.9536585365854","78.3048780487805","78.6048780487805","78.7560975609756","79.0560975609756","79.1585365853659","79.2609756097561","79.1146341463415","80.1634146341463","80.1634146341463","80.8121951219512","81.1121951219512","81.2146341463415","81.4146341463415","81.6634146341463","82.1146341463415","81.9682926829268","82.219512195122","82.719512195122","82.3219512195122","82.5731707317073","82.5756097560976","82.6756097560976","82.8268292682927","82.1756097560976","82.3243902439024","82.1292682926829","82.8317073170732","82.9804878048781","",
"Faroe Islands","FRO","Life expectancy at birth, total (years)","SP.DYN.LE00.IN","72.1079268292683","72.7121219512195","73.1757804878049","73.5539024390244","73.8559268292683","74.1064634146341","74.3161951219512","74.4996097560976","74.6961707317073","74.8429268292683","74.9766097560976","75.1171707317073","75.2144146341464","75.327243902439","75.3675609756098","75.4443414634146","75.5123414634146","75.633512195122","75.7200243902439","75.7627804878049","75.8484390243903","75.9368536585366","76.0023170731707","76.0578048780488","76.1203414634146","76.1981707317073","75.1639024390244","75.4027682926829","75.6422292682927","75.8810756097561","76.1188024390244","76.3555731707317","76.5918219512195","76.8286975609756","77.0694536585366","77.3228243902439","77.5619634146341","77.7854414634146","77.9979951219512","78.2087731707317","78.4119073170732","78.6017292682927","78.7876585365854","78.9848073170732","79.2049804878049","79.4453463414634","79.6898609756098","79.9238243902439","80.1460804878049","80.3695317073171","80.604956097561","80.8518097560976","81.1060951219512","81.356643902439","81.5912048780488","81.7995975609756","81.962112195122","82.1062926829268","82.2486024390244","82.3912829268293","82.5341926829268","82.6763219512195","82.8162292682927","82.9521195121951","83.0832463414634","",
"Micronesia, Fed. Sts.","FSM","Life expectancy at birth, total (years)","SP.DYN.LE00.IN","54.195","54.736","55.393","56.004","56.655","57.199","57.75","58.305","58.827","59.309","59.774","60.182","60.608","60.955","61.319","61.617","61.885","62.118","62.306","62.46","62.556","62.668","62.747","62.829","62.923","63.028","63.151","63.206","63.461","63.617","63.722","63.881","63.996","64.041","64.082","64.142","64.253","64.371","64.509","64.626","64.317","64.801","63.907","64.915","64.898","64.906","64.859","64.844","64.849","64.865","64.892","64.969","65.08","65.179","65.294","65.306","65.576","65.761","65.943","66.196","65.878","66.152","66.961","67.198","67.357","",
"Gabon","GAB","Life expectancy at birth, total (years)","SP.DYN.LE00.IN","46.443","47.115","47.777","48.425","48.994","49.71","50.322","50.928","51.545","52.127","52.697","53.259","53.811","54.352","54.911","55.455","55.97","56.467","56.954","57.438","57.893","58.332","58.644","58.994","59.34","59.665","59.956","60.2","60.398","60.584","60.736","60.891","61.013","61.125","61.183","61.27","61.265","61.395","61.506","61.658","61.81","61.982","62.175","62.463","62.694","62.978","63.259","63.619","64.011","64.361","64.715","65.102","65.438","65.751","66.07","66.336","66.583","66.816","67.043","67.337","67.073","67.072","67.713","68.337","68.511","",
"United Kingdom","GBR","Life expectancy at birth, total (years)","SP.DYN.LE00.IN","71.1268292682927","70.8780487804878","70.9268292682927","70.8268292682927","71.6243902439024","71.6243902439024","71.5731707317073","72.1243902439024","71.7243902439025","71.7219512195122","71.9731707317073","72.2731707317073","72.1243902439024","72.3243902439024","72.5243902439024","72.7243902439024","72.7756097560976","73.2243902439024","73.1756097560976","73.2756097560976","73.6756097560976","74.0268292682927","74.1780487804878","74.3780487804878","74.7780487804878","74.6292682926829","74.9292682926829","75.280487804878","75.3804878048781","75.5829268292683","75.8804878048781","76.0829268292683","76.4341463414634","76.3853658536585","76.8853658536585","76.8365853658537","77.0878048780488","77.2109756097561","77.190243902439","77.390243902439","77.7414634146342","77.9926829268293","78.1439024390244","78.4463414634146","78.7463414634146","79.0487804878049","79.2487804878049","79.4487804878049","79.6","80.0512195121951","80.4024390243902","80.9512195121951","80.9048780487805","81.0048780487805","81.3048780487805","80.9560975609756","81.1560975609756","81.2560975609756","81.2560975609756","81.3691219512195","80.331756097561","80.6473170731707","81.0112195121951","81.2380975609756","81.3868536585366","",
"Georgia","GEO","Life expectancy at birth, total (years)","SP.DYN.LE00.IN","61.347","61.72","62.078","62.457","62.818","63.097","63.397","63.772","64.139","64.509","64.869","65.189","65.516","65.851","66.18","66.512","66.894","67.246","67.597","67.942","68.273","68.741","69.109","69.135","68.795","69.006","69.225","69.219","68.825","68.635","68.679","68.202","67.78","67.405","68.669","69.398","70.637","69.683","69.787","70.012","70.091","70.371","70.438","71.377","71.011","70.689","70.983","70.985","70.949","71.058","71.732","72.485","72.672","73.025","73.105","73.241","73.136","73.435","73.985","74.165","73.509","71.635","74.141","74.496","74.657","",
"Ghana","GHA","Life expectancy at birth, total (years)","SP.DYN.LE00.IN","46.942","47.127","47.335","47.476","47.637","47.689","47.708","47.734","47.758","47.895","47.888","47.949","48.274","48.577","48.918","49.323","49.732","50.079","50.461","50.787","51.059","51.313","51.425","51.78","52.232","52.732","53.276","53.818","54.396","54.936","55.395","55.722","56.055","56.286","56.234","56.662","56.957","57.241","57.525","57.835","58.139","58.403","58.709","59.014","59.316","59.638","59.975","60.282","60.578","60.928","61.297","61.617","61.995","62.397","62.832","63.175","63.522","63.829","64.138","64.455","64.309","64.286","65.246","65.498","65.695","",
"Gibraltar","GIB","Life expectancy at birth, total (years)","SP.DYN.LE00.IN","70.209","70.165","70.174","70.249","70.438","70.755","71.178","71.54","71.709","71.812","71.888","72.103","72.356","72.707","73.053","73.322","73.443","73.479","73.512","73.585","73.755","73.999","74.325","74.613","74.935","75.232","75.557","75.871","76.18","76.474","76.814","77.118","77.412","77.722","78.052","78.345","78.696","79.097","79.477","79.812","80.145","80.419","80.59","80.713","80.856","80.991","81.103","81.269","81.541","81.807","82.08","82.333","82.527","82.586","82.644","82.668","82.741","82.858","83.028","83.183","83.07","80.274","83.517","83.553","83.63","",
"Guinea","GIN","Life expectancy at birth, total (years)","SP.DYN.LE00.IN","36.623","36.816","36.997","37.196","37.415","37.653","37.959","38.224","38.501","38.824","39.06","39.372","39.683","39.937","40.229","40.606","41.028","41.409","41.882","42.343","42.842","43.33","43.863","44.226","44.858","45.31","45.719","46.107","46.478","46.86","47.252","47.781","48.266","48.819","49.188","49.836","50.546","51.113","51.61","51.987","52.42","52.669","53.2","53.589","53.975","54.422","54.875","55.233","55.703","56.052","56.431","56.778","57.117","57.459","57.581","57.899","58.49","58.715","59.043","59.379","59.35","59.373","60.432","60.74","60.904","",
"Gambia, The","GMB","Life expectancy at birth, total (years)","SP.DYN.LE00.IN","34.574","35.063","35.599","36.086","36.579","37.12","37.559","38.063","38.533","39.004","39.532","40.048","40.549","41.088","41.676","42.192","42.876","43.366","43.573","44.517","44.977","44.489","46.25","46.892","47.513","48.151","48.798","49.392","50.146","50.725","51.278","51.857","52.477","53.15","53.768","54.292","54.849","55.225","56.007","56.466","56.899","57.283","57.736","58.223","58.749","59.11","59.667","60.001","60.473","60.735","61.167","61.561","61.9","62.252","62.576","62.971","63.386","63.708","64.034","64.427","64.418","63.847","64.859","65.86","66.057","",
"Guinea-Bissau","GNB","Life expectancy at birth, total (years)","SP.DYN.LE00.IN","37.554","37.788","38.032","35.644","35.807","35.92","36.083","36.344","36.672","36.959","37.258","37.538","37.82","38.17","41.613","41.934","42.253","42.578","42.908","43.239","43.57","43.926","44.293","44.6","44.943","45.266","45.523","45.844","46.279","46.614","46.89","47.201","47.518","47.84","47.775","48.531","48.772","48.033","48.123","48.492","50.565","51.054","51.608","52.186","52.8","52.949","54.089","54.87","55.3","56.297","56.999","57.663","58.27","58.879","59.476","60.071","60.619","61.148","61.652","62.161","61.343","61.653","63.605","64.085","64.254","",
"Equatorial Guinea","GNQ","Life expectancy at birth, total (years)","SP.DYN.LE00.IN","42.742","43.008","43.275","43.54","43.805","44.069","44.334","44.595","44.852","31","31.086","37.229","44.441","44.658","41.486","37.32","30.537","42.008","42.331","43.033","48.78","49.107","49.666","50.046","50.195","50.599","50.848","50.99","51.184","51.292","51.397","51.497","51.579","51.671","51.785","51.926","52.123","52.365","52.646","53.001","53.395","53.827","54.324","54.791","55.307","55.766","56.354","56.857","57.384","57.881","58.344","58.827","59.301","59.784","60.228","60.635","61.081","61.481","61.915","62.297","62.141","62.447","63.355","63.707","63.906","",
"Greece","GRC","Life expectancy at birth, total (years)","SP.DYN.LE00.IN","70.4343170731707","70.2830243902439","70.2246097560976","70.5639756097561","70.4581707317073","71.3916829268293","71.800512195122","71.307","71.4037317073171","71.9788780487805","72.6807804878049","72.8671707317073","72.656243902439","72.9059268292683","73.3943658536585","73.4011707317073","73.6791219512195","73.6803414634146","74.3631707317073","74.5928292682927","74.5065609756098","74.9156829268293","75.2026829268293","75.4804146341463","75.7576097560976","76.0950487804878","76.4882195121951","76.0558536585366","76.9481951219512","76.6878048780488","76.9390243902439","77.1365853658537","77.3829268292683","77.390243902439","77.6390243902439","77.5853658536585","77.6853658536585","78.1365853658537","77.8390243902439","77.9878048780488","77.8878048780488","78.3878048780488","78.6414634146341","78.8414634146341","79.0390243902439","79.2390243902439","79.4390243902439","79.4390243902439","79.9390243902439","80.1878048780488","80.3878048780488","80.7317073170732","80.6341463414634","81.2853658536585","81.3853658536585","81.0365853658537","81.3878048780488","81.2878048780488","81.7878048780488","81.6390243902439","81.2878048780488","80.0829268292683","80.7878048780488","81.7365853658537","81.8390243902439","",
"Grenada","GRD","Life expectancy at birth, total (years)","SP.DYN.LE00.IN","63.144","63.553","63.752","63.783","64.199","64.78","65.649","66.46","66.912","66.975","66.856","66.874","67.151","67.557","67.884","68.004","67.949","67.869","67.856","67.941","68.117","68.348","68.597","64.333","69.095","69.338","69.574","69.808","70.045","70.289","70.546","70.823","71.125","71.45","71.78","72.094","72.373","72.6","72.762","72.873","72.955","73.034","73.142","73.291","72.447","73.7","73.93","74.159","74.374","74.567","74.731","74.861","74.961","75.022","75.045","75.037","75.01","74.977","74.957","74.971","75.019","74.522","75.151","75.205","75.367","",
"Greenland","GRL","Life expectancy at birth, total (years)","SP.DYN.LE00.IN","58.552243902439","59.4261219512195","60.0291219512195","60.4535365853659","60.9083658536586","61.4213902439024","61.8018292682927","62.3363414634146","62.7596341463415","63.1216097560976","63.1156585365854","63.0539756097561","62.7973658536585","62.4474878048781","62.025512195122","61.8320243902439","61.8058292682927","61.8398780487805","63.4146341463415","63.9548780487805","63.449756097561","63.0748780487805","63.1926829268293","63.3","63.4665853658537","63.8336585365854","64.2487804878049","64.6541463414634","64.5824390243903","64.6675609756098","65.0682926829268","65.0317073170732","65.1960975609756","65.5853658536585","65.9009756097561","65.6441463414634","65.7673170731707","65.7980487804878","66.1570731707317","65.8336585365854","64.8034146341463","65.0058536585366","65.419512195122","66.1229268292683","66.8080487804878","67.3051219512195","67.8180487804878","68.2739024390244","68.5660975609756","69.0321951219512","69.349756097561","69.6146341463415","69.959512195122","70.2917073170732","70.5082926829268","70.909756097561","71.1990243902439","71.2563414634146","71.3609756097561","71.4092682926829","71.2858536585366","71.2614634146342","71.230243902439","70.9724390243902","70.2734146341463","",
"Guatemala","GTM","Life expectancy at birth, total (years)","SP.DYN.LE00.IN","45.76","46.12","46.492","46.622","47.055","47.185","47.511","47.727","47.758","47.521","48.507","50.276","51.817","52.848","53.023","52.832","47.617","55.184","56.412","56.6","55.297","54.709","48.863","57.913","59.074","59.788","60.341","60.991","61.538","61.745","61.767","61.926","61.992","62.442","63.026","63.662","64.54","65.249","65.969","66.634","67.102","67.436","67.835","68.204","68.245","68.167","68.79","69.299","69.493","69.676","69.885","70.321","70.722","70.878","70.942","70.915","71.215","71.583","71.496","71.639","69.971","67.858","71.206","72.602","72.746","",
"Guam","GUM","Life expectancy at birth, total (years)","SP.DYN.LE00.IN","62.882","63.226","63.349","63.833","64.104","64.367","64.639","64.916","65.201","65.499","65.811","66.064","66.469","66.93","67.532","68.011","68.275","69.024","69.57","70.116","70.674","71.18","71.681","72.141","72.589","73.07","73.324","73.468","73.429","73.503","73.455","73.518","73.632","74.004","74.344","74.511","74.638","74.7","74.753","74.789","74.894","75.195","75.506","75.885","76.114","76.427","76.477","76.397","76.233","76.141","76.095","76.153","76.237","76.361","76.423","76.444","76.449","76.463","76.561","76.645","75.529","75.434","77.102","77.209","77.422","",
"Guyana","GUY","Life expectancy at birth, total (years)","SP.DYN.LE00.IN","57.51","57.912","58.303","58.644","58.958","59.137","59.329","59.53","59.69","59.835","59.961","60.068","60.133","60.211","60.305","60.375","60.449","60.558","60.646","60.735","60.808","60.91","61.01","61.157","61.255","61.379","61.521","61.698","61.849","62.054","62.254","62.463","62.816","63.016","63.007","62.668","62.691","62.879","63.429","63.772","64.075","64.38","64.183","64.117","64.214","64.392","64.848","65.462","65.721","66.03","66.204","66.469","66.443","66.71","67.334","67.719","68.069","68.543","68.829","69.067","67.751","64.323","69.888","70.18","70.319","",
"High income","HIC","Life expectancy at birth, total (years)","SP.DYN.LE00.IN","68.336473312021","68.709259808653","68.6639079666601","68.9450322909141","69.3851618394867","69.448311956366","69.6532091940528","69.9729220485392","69.8364946449777","69.8974669478808","70.2025451000168","70.5045250936212","70.7109006762053","70.8639483288875","71.2009158454006","71.3925512081427","71.6104409755825","71.9279764507936","72.0599279118154","72.3255214299234","72.3412335069384","72.6873913868103","73.0320881330442","73.1077737690462","73.2969534674168","73.4666520942995","73.8722482996234","74.1086951215392","74.2136007508787","74.3779153004281","74.4738732589655","74.5823867899884","74.609194678425","74.4382433543946","74.6300261641322","74.7188271862662","75.1829587616181","75.5716826806155","75.7983574377294","75.8191988235073","76.0417568742861","76.314713845043","76.4394038716135","76.5483183567682","76.989926505118","77.1096843955119","77.5422883584084","77.8631136411291","78.0528402965478","78.4049799603676","78.595666415872","78.9211245686884","79.0753405199988","79.3127011755769","79.5653520772765","79.5243179141672","79.7243110737375","79.8536233801599","79.9659745020771","80.1992615325159","79.2041410409855","78.7981548654152","79.4268609745508","80.1496802618874","80.3938747881042","",
"Hong Kong SAR, China","HKG","Life expectancy at birth, total (years)","SP.DYN.LE00.IN","65.6971219512195","66.4416585365854","66.9104634146342","67.6451707317073","68.2190975609756","68.8668048780488","69.2658536585366","69.8278536585366","70.2170243902439","70.6271707317073","70.9346829268293","71.4680487804878","71.4509756097561","72.090243902439","72.5978048780488","73.3621951219512","72.7890243902439","73.3492682926829","73.5407317073171","73.6631707317073","74.6534146341464","75.3490243902439","75.4385365853659","75.2863414634146","76.009512195122","76.4292682926829","76.6843902439024","76.8978048780488","77.0834146341464","77.0287804878049","77.3707317073171","77.8729268292683","77.6734146341464","78.0160975609756","78.5436585365854","78.6787804878049","79.6275609756098","80.1121951219512","80.1068292682927","80.3726829268293","80.8731707317073","81.4192682926829","81.4521951219512","81.3434146341464","81.7992682926829","81.6090243902439","82.3848780487805","82.3668292682927","82.3404878048781","82.7751219512195","82.9575609756098","83.4119512195122","83.450243902439","83.8312195121951","83.9356097560976","84.2526829268293","84.2114634146342","84.6956097560976","84.869756097561","85.1558536585366","85.4963414634146","85.5326829268293","83.6609756097561","85.2473170731707","85.3926829268293","",
"Honduras","HND","Life expectancy at birth, total (years)","SP.DYN.LE00.IN","47.149","47.71","48.647","49.385","50.197","50.863","51.588","52.331","53.041","53.712","54.36","55.012","55.689","54.565","52.519","57.523","58.151","58.704","59.248","59.829","60.388","61.033","61.688","62.408","62.819","63.223","63.651","64.066","64.393","64.782","65.183","65.584","65.908","66.074","66.523","66.919","67.263","67.542","62.432","68.005","68.302","68.491","68.714","68.874","69.05","69.198","69.364","69.539","69.657","69.823","69.77","70.116","70.46","70.765","71.032","71.323","71.615","71.805","72.001","72.124","70.864","69.492","72.715","72.884","73.044","",
"Heavily indebted poor countries (HIPC)","HPC","Life expectancy at birth, total (years)","SP.DYN.LE00.IN","40.7990378002816","41.1148194802076","41.6934168347182","41.9318462370256","42.2693111790519","42.6002566918336","42.71741593298","43.3591435236991","43.6802848615519","43.9717653355145","44.2856632537734","44.4343532620895","44.245326381898","44.8131639152978","44.890318446967","45.2620946064341","45.9058839237237","46.2670521923261","46.422840791434","46.7723312646236","47.19442832537","47.4426806687785","47.6242104048538","46.6095840328944","46.5754545564454","46.9850143791163","47.8457224779644","49.0865351104801","49.3796767955679","49.6275219136238","49.6690119146523","49.6362117885946","49.8824379377131","50.5309158141043","50.3138026476569","51.1149172636864","51.2584097766217","51.5918802906055","51.6840105029194","52.1639761075431","53.0016053702188","53.534081588322","54.0571476517769","54.6072034004947","55.1510876118445","55.7774195124879","56.574273244383","57.2467051523111","57.8565431037631","58.2402216249579","58.7335452944083","59.2312188364054","60.0870140052247","60.6299359643784","61.0420808723887","61.5637757860854","62.005914221112","62.3173413995614","62.8008051848255","63.0919384793173","63.0748180653434","62.5327589317045","63.8422370507134","64.7182457242664","64.9203978854631","",
"Croatia","HRV","Life expectancy at birth, total (years)","SP.DYN.LE00.IN","65.7464878048781","66.3461463414634","67.0652682926829","67.4221463414634","67.8488780487805","68.2781951219512","68.7118292682927","68.8450243902439","68.6990731707317","68.7662926829268","68.9891219512195","69.2641707317073","69.5739268292683","69.9239024390244","70.4333414634146","70.0019512195122","70.4553658536585","70.7443902439024","70.5387804878049","70.4273170731707","70.1753658536586","70.3443902439025","70.4826829268293","70.2748780487805","70.2185365853659","70.8860975609756","71.4190243902439","71.470243902439","71.4882926829268","71.8446341463415","72.1704878048781","72.1853658536586","71.2414634146342","71.5224390243903","71.8034146341463","72.0843902439024","72.3653658536585","72.4951219512195","72.3170731707317","72.6419512195122","72.8078048780488","74.5129268292683","74.7173170731707","74.6139024390244","75.520243902439","75.2446341463415","75.8368292682927","75.7056097560976","75.9121951219512","76.1682926829268","76.4756097560976","76.7756097560976","77.1682926829268","77.5707317073171","77.7243902439024","77.2756097560976","77.9219512195122","77.7268292682927","77.919512195122","78.2243902439024","77.5243902439024","76.4243902439025","77.5756097560976","78.4731707317073","78.9292682926829","",
"Haiti","HTI","Life expectancy at birth, total (years)","SP.DYN.LE00.IN","43.44","43.825","44.196","42.724","44.928","45.371","45.565","46.135","46.522","46.903","47.265","47.619","47.884","48.194","48.458","48.72","48.972","49.226","49.484","49.749","49.971","50.31","50.626","50.946","51.254","51.583","51.874","52.245","52.554","52.88","53.215","53.524","54.041","54.478","54.731","55.582","56.111","56.675","57.137","57.692","58.175","58.591","59.041","59.44","58.517","60.318","60.74","61.09","61.28","61.694","45.577","61.581","62.273","62.624","62.969","63.224","63.325","63.832","64.077","64.328","63.773","62.613","63.948","64.936","65.119","",
"Hungary","HUN","Life expectancy at birth, total (years)","SP.DYN.LE00.IN","68.0031707317073","68.9360975609756","67.8658536585366","68.8741463414634","69.3809756097561","69.0712195121951","69.8224390243902","69.4070731707317","69.230243902439","69.3146341463415","69.1646341463415","69.0524390243903","69.6646341463415","69.5180487804878","69.2480487804878","69.29","69.5731707317073","69.8480487804878","69.3939024390244","69.6153658536585","69.0617073170732","69.1392682926829","69.3578048780488","68.9736585365854","69.0258536585366","68.9721951219512","69.1734146341463","69.6512195121951","70.0234146341463","69.4617073170732","69.3156097560976","69.3770731707317","69.1170731707317","69.1012195121951","69.469756097561","69.7917073170732","70.3287804878049","70.7024390243902","70.5578048780488","70.6770731707317","71.2463414634146","72.2487804878049","72.3487804878049","72.3","72.6487804878049","72.6487804878049","73.0975609756098","73.1512195121951","73.7024390243903","73.9048780487805","74.2073170731707","74.8585365853659","75.0634146341463","75.5658536585366","75.7634146341463","75.5682926829269","76.0634146341464","75.8170731707317","76.0658536585366","76.3195121951219","75.419512195122","74.0658536585366","75.8682926829268","76.5707317073171","76.7243902439025","",
"IBRD only","IBD","Life expectancy at birth, total (years)","SP.DYN.LE00.IN","45.9222319592731","48.6188863777997","52.5176859347976","53.0470161729532","53.5207236953076","53.2276728664324","53.9198980865839","54.432445384207","55.1353526955382","55.589580888257","56.0523232965793","56.6438476455896","57.0844300351355","57.6915114559562","58.2101440604901","58.7807433838336","59.1161780031591","59.8495588581531","60.3258132999466","60.8141772600449","61.2147146827509","61.6530506456677","62.1049280992821","62.5722736568982","62.9820633806123","63.3920268470503","63.8672195495693","64.2242979588009","64.5337065694299","64.8906182365454","65.1082721278043","65.475124648066","65.7241729370535","65.9754422728565","66.2560726849176","66.6322482807213","67.025304422088","67.3967409138273","67.7244400733993","67.9673264507647","68.2869649318369","68.5847135093888","68.9043764886684","69.1727555942431","69.3984001306866","69.8265165341661","70.1501236836392","70.5142450680001","70.7624457262186","71.1602132108325","71.5021795019761","71.8270333930904","72.1636704451454","72.4633474422255","72.7509651570745","73.0328490236398","73.2592309044272","73.4857607809887","73.794943952938","74.031271888226","73.2951356970762","71.974203378406","74.2512821129351","74.5179764623959","74.6728746420716","",
"IDA & IBRD total","IBT","Life expectancy at birth, total (years)","SP.DYN.LE00.IN","45.3479418720368","47.655264176054","50.9683262080383","51.4611995878149","51.9529849388509","51.7527938371336","52.4143142671652","52.9138308009596","53.5811610315092","54.0204939348263","54.3094735630305","54.3696200481548","55.4008224452952","55.9739208815672","56.4253907324012","56.9186340975308","57.2899300963407","57.958407359557","58.3955108759501","58.8996769285617","59.3085065737435","59.7139808052384","60.1138871222381","60.4438232585934","60.7837005322486","61.1511937935468","61.6116422740194","61.9997256121563","62.2650370522107","62.5952806545095","62.7732635893125","62.9918046222159","63.2546777879749","63.503539368631","63.7272449294539","64.0778593656998","64.3999778000763","64.733076637455","65.0012853792959","65.2881256380568","65.6568764523372","65.9675772813036","66.2945209481454","66.5877558604324","66.8247049419343","67.2256354770038","67.6024062399178","67.9670001124436","68.1843907566277","68.58797297018","68.9266614063009","69.2357087629053","69.574186280902","69.8695763064636","70.1214372145127","70.3727711035674","70.6151792552285","70.8321134052096","71.1543116878265","71.3952528317139","70.7501213262472","69.6690947451642","71.6790095761174","71.9999928217283","72.1341361054704","",
"IDA total","IDA","Life expectancy at birth, total (years)","SP.DYN.LE00.IN","42.5980797146975","43.102658560532","43.7019345236643","44.0385158727066","44.635241512934","44.8919988376327","45.430736877844","45.8954996867264","46.425922871266","46.8226402455698","46.3386229207487","43.98551044983","47.7355051770958","48.1941865606285","48.3908885307007","48.5890531138191","49.1744528452762","49.6135957056999","49.9465314249443","50.5965205385291","51.1151732940435","51.4474033182988","51.6960498674964","51.5229733330108","51.6474419394722","51.9187727659844","52.3971486498478","52.9868225108107","53.1482557702086","53.4490197280082","53.5505329511208","53.2748724672428","53.697103081756","54.0521369478466","54.174153356852","54.5445932787595","54.7215406221136","55.0299568553402","55.1975204310767","55.7552309366891","56.4104989348264","56.8798581050815","57.3489936510874","57.8426411102076","58.2280770979486","58.6492614977887","59.3132154681105","59.7951639068012","60.02592521814","60.5550916523175","60.9887312592622","61.3496821632737","61.7836144097129","62.1423584064168","62.3681207907556","62.614846093746","62.9933197277529","63.2751134869149","63.732426814433","64.0900291161311","63.8036707405637","63.4785278004251","64.8837178854478","65.4550660808135","65.6366628053028","",
"IDA blend","IDB","Life expectancy at birth, total (years)","SP.DYN.LE00.IN","42.5431247039146","43.1190326843742","43.9750474568048","44.5600815712563","45.1855337757565","45.6886867812749","46.3846575767366","46.6078021602607","47.5024041128975","48.0290098035867","48.7838526739504","47.6730532778321","49.8239662402422","50.2346031204067","50.6407109948696","51.0816474482981","51.688385894367","52.1478233476654","52.5625373286159","53.0009671534034","53.5517138048301","53.9979698190557","54.3521614304047","54.6099438830929","54.8021457939447","54.9200438763528","54.9385202722126","55.0073967177056","55.0375298345347","55.0881932223756","54.9664973426319","54.8353887000916","54.783650974874","54.7603761029954","54.6642328964788","54.6459046354829","54.6170968700042","54.6534354528845","54.8967990190859","55.2249658950202","55.5992722966425","55.889906446422","56.270235525387","56.6359126305936","57.0294559998555","56.9989286118874","57.7016203087693","58.0600906051007","58.4143046583873","58.7507843707772","59.0515129063523","59.364406133511","59.6305637403653","59.8685731055257","60.0998681978251","60.2944946354402","60.5761664527178","60.818392907263","61.0740542759518","61.3259973798573","60.8180066140619","60.876535738179","62.1288641416852","62.4621643327349","62.619940785485","",
"Indonesia","IDN","Life expectancy at birth, total (years)","SP.DYN.LE00.IN","46.835","47.385","48.141","48.742","49.44","42.762","48.406","51.309","51.888","52.588","53.254","53.823","54.364","54.916","55.443","55.998","56.445","57.09","57.607","58.18","58.701","59.096","59.7","60.343","60.891","61.387","61.736","62.087","62.386","62.883","63.249","63.703","64.182","64.851","65.041","65.263","65.465","65.774","65.942","66.001","66.292","66.583","66.954","67.134","65.521","67.531","67.664","67.914","68.085","68.267","68.364","68.629","68.862","69.064","69.292","69.52","69.733","69.953","70.08","70.349","68.817","67.452","70.925","71.146","71.288","",
"IDA only","IDX","Life expectancy at birth, total (years)","SP.DYN.LE00.IN","42.6233204889102","43.0951316972524","43.5762601011737","43.7981872948075","44.3813406993552","44.5239312680811","44.989412737207","45.5656097754952","45.9269124929527","46.2627254230036","45.2012632005957","42.2640297399083","46.7570577106736","47.2360484676255","47.331557187091","47.4101020399109","47.9787883579105","48.4005587745052","48.6872357946026","49.4323853887795","49.9210818235144","50.1799845629283","50.3651890033338","49.9695553537365","50.0541072758356","50.3950393105084","51.0993436342229","51.9490072183665","52.1721019571172","52.5973601374035","52.8102291496244","52.4540767724865","53.1242446068874","53.6786742663188","53.9155574209372","54.4910697745614","54.7768088557122","55.2295575204067","55.3572541945218","56.0373584575258","56.843202730123","57.4095843162393","57.9268624074352","58.4895588317437","58.8719775064056","59.5374266334029","60.1817423826443","60.7328901331075","60.9000867842919","61.5371473230212","62.0465381671517","62.4359401192322","62.962468993378","63.3883167400328","63.6108317883765","63.8848479810589","64.3130750207169","64.6129528273956","65.1762396022628","65.586275114442","65.4148502167518","64.8793395181521","66.3634983426878","67.0575957681524","67.2462931175477","",
"Isle of Man","IMN","Life expectancy at birth, total (years)","SP.DYN.LE00.IN","64.557","64.425","64.397","64.458","64.666","64.922","65.18","65.409","65.542","65.626","65.724","65.841","65.991","66.238","66.478","66.76","67.051","67.357","67.689","68.071","68.446","68.811","69.142","69.457","69.754","70.02","70.34","70.685","71.057","71.406","71.8","72.183","72.544","72.822","73.14","73.371","73.634","73.9","74.204","74.469","74.842","75.289","75.785","76.319","76.876","77.453","77.971","78.451","78.899","79.303","79.613","79.836","80.007","80.12","80.199","80.267","80.391","80.506","80.614","80.74","80.591","80.42","80.956","80.999","81.091","",
"India","IND","Life expectancy at birth, total (years)","SP.DYN.LE00.IN","45.61","45.824","46.133","46.458","46.742","45.558","45.884","46.184","47.925","48.26","48.585","48.902","49.213","49.642","50.259","50.761","51.302","51.822","52.42","53.014","53.593","54.173","54.735","55.283","55.813","56.324","56.819","57.291","57.744","58.196","58.618","59.032","59.445","59.823","60.237","60.63","61.027","61.439","61.852","62.284","62.749","63.158","63.649","64.086","64.484","64.939","65.373","65.803","66.247","66.7","67.162","67.623","68.076","68.499","68.932","69.326","69.709","70.068","70.415","70.746","70.156","67.282","71.698","72.003","72.235","",
"Not classified","INX","Life expectancy at birth, total (years)","SP.DYN.LE00.IN","","","","","","","","","","","","","","","","","","","","","","","","","","","","","","","","","","","","","","","","","","","","","","","","","","","","","","","","","","","","","","","","","","",
"Ireland","IRL","Life expectancy at birth, total (years)","SP.DYN.LE00.IN","70.1942682926829","69.6782926829268","69.9910487804878","70.2300975609756","70.4899268292683","70.695","70.2169512195122","71.2453658536585","70.941","70.8528292682927","70.9015609756098","71.6758536585366","71.021756097561","71.2399756097561","71.1755609756098","71.7530487804878","71.8566097560976","71.9973902439024","71.9963170731707","72.2680243902439","72.5954146341464","72.9517804878049","73.2090487804878","73.2400975609756","73.6637317073171","73.6219024390244","73.6655365853659","74.4319024390244","74.4394146341463","74.4552195121951","74.8460731707317","75.025","75.4150975609756","75.2921951219512","75.7866341463415","75.4693170731707","75.8317073170732","75.9853658536585","76.1804878048781","76.0829268292683","76.5365853658537","77.1341463414634","77.6341463414634","78.1390243902439","78.5390243902439","78.9439024390244","79.2414634146342","79.6414634146341","80.0951219512195","80.190243902439","80.7439024390244","80.7463414634146","80.8463414634146","80.9487804878049","81.3487804878049","81.4536585365854","81.6536585365854","82.1560975609756","82.2048780487805","82.7024390243903","82.4560975609756","82.2536585365854","82.509756097561","82.8073170731707","83.009756097561","",
"Iran, Islamic Rep.","IRN","Life expectancy at birth, total (years)","SP.DYN.LE00.IN","43.297","43.9","43.769","45.105","45.735","46.372","47.072","47.803","47.946","49.382","50.222","51.12","51.729","52.944","53.862","54.819","55.771","56.66","56.042","58.453","58.369","56.625","57.633","58.518","60.875","61.537","62.136","62.685","63.255","65.314","64.066","66.233","66.653","67.037","67.49","67.904","68.328","68.649","69.214","69.686","70.166","70.619","71.112","70.464","72.04","72.446","72.895","73.299","73.683","74.041","74.39","74.721","75.039","75.349","75.635","75.907","76.155","76.396","76.621","76.855","74.141","73.752","76.799","77.654","77.854","",
"Iraq","IRQ","Life expectancy at birth, total (years)","SP.DYN.LE00.IN","51.462","52.339","53.482","54.36","55.245","56.387","57.321","58.422","58.969","59.64","60.532","61.333","61.816","62.344","60.995","61.434","63.569","63.896","64.175","64.417","60.916","58.652","58.977","59.287","59.544","59.8","60.031","60.259","56.692","57.501","57.587","61.338","65.344","65.31","65.027","64.761","64.618","64.241","64.405","64.532","64.86","65.292","65.724","64.834","64.634","64.899","64.029","64.428","66.465","67.834","68.092","68.435","68.827","69.047","69.679","69.977","68.683","69.788","71.116","71.245","69.651","70.704","72.037","72.324","72.424","",
"Iceland","ISL","Life expectancy at birth, total (years)","SP.DYN.LE00.IN","74.0400731707317","73.5034146341464","73.7219512195122","73.0429268292683","73.5417073170732","73.8687804878049","73.3004878048781","73.7831707317073","74.0058536585366","73.7763414634147","73.9339024390244","73.5704878048781","74.4558536585366","74.4509756097561","74.5117073170732","75.5787804878049","76.9721951219512","76.3736585365854","76.6492682926829","76.7731707317073","76.8465853658537","76.5214634146341","77.0378048780488","76.8456097560976","77.5765853658537","77.6024390243903","77.9907317073171","77.3390243902439","77.0829268292683","78.1409756097561","78.0363414634146","77.9919512195122","78.760243902439","78.9346341463415","79.2470731707317","77.9843902439024","78.7778048780488","78.8853658536585","79.6024390243903","79.3512195121951","79.6536585365854","80.690243902439","80.5024390243903","80.9634146341464","80.9975609756098","81.5024390243902","81.1585365853659","81.4536585365854","81.609756097561","81.7512195121951","81.8975609756097","82.3585365853659","82.9170731707317","82.0609756097561","82.8609756097561","82.4682926829268","82.2048780487805","82.6609756097561","82.8609756097561","83.1634146341463","83.0634146341463","83.1658536585366","82.119512195122","82.4560975609756","82.809756097561","",
"Israel","ISR","Life expectancy at birth, total (years)","SP.DYN.LE00.IN","","72.0065853658537","72.1121951219512","","","","72.2856097560976","71.509756097561","71.0565853658537","70.9704878048781","71.2134146341463","71.7190243902439","71.0780487804878","71.6934146341464","71.6617073170732","72.0451219512195","72.9560975609756","72.9585365853659","73.2073170731707","73.5073170731707","73.8756097560976","74.2609756097561","74.109756097561","74.4585365853658","74.8073170731707","75.2073170731707","74.9560975609756","75.2585365853659","74.4365853658537","76.3073170731707","76.6073170731707","76.7585365853659","76.5048780487805","77.1536585365854","77.4024390243903","77.4512195121951","78.1048780487805","78","78.1487804878049","78.6585365853659","78.9536585365854","79.4073170731707","79.4512195121951","79.6487804878049","80.1463414634146","80.1512195121951","80.5536585365854","80.5048780487805","80.9512195121951","81.4048780487805","81.6024390243903","81.6560975609756","81.7048780487805","82.0560975609756","82.1536585365854","82.0512195121951","82.4073170731707","82.5512195121951","82.8024390243903","82.8048780487805","82.6487804878049","82.5","82.7","83.1951219512195","83.1975609756098","",
"Italy","ITA","Life expectancy at birth, total (years)","SP.DYN.LE00.IN","69.1239024390244","69.760243902439","69.149756097561","69.2480487804878","70.3117073170732","70.1717073170732","70.9260975609756","70.9565853658537","70.78","70.8119512195122","71.5587804878049","71.8068292682927","72.0753658536586","72.0263414634146","72.7343902439025","72.6473170731708","72.9919512195122","73.3646341463415","73.6931707317073","74.0026829268293","73.9431707317073","74.3539024390244","74.8146341463415","74.640243902439","75.389512195122","75.4707317073171","75.7707317073171","76.219512195122","76.3707317073171","76.819512195122","76.9707317073171","77.0195121951219","77.419512195122","77.7219512195122","77.9219512195122","78.1707317073171","78.5219512195122","78.8243902439024","78.9756097560976","79.4243902439024","79.7780487804878","80.1268292682927","80.2292682926829","79.9829268292683","80.7804878048781","80.7829268292683","81.2829268292683","81.4341463414634","81.4853658536585","81.6365853658537","82.0365853658537","82.1878048780488","82.2390243902439","82.690243902439","83.090243902439","82.5439024390244","83.2439024390244","82.9463414634147","83.3463414634146","83.4975609756098","82.1951219512195","82.6463414634146","82.7","83.3512195121951","83.9512195121951","",
"Jamaica","JAM","Life expectancy at birth, total (years)","SP.DYN.LE00.IN","63.828","64.257","64.619","64.999","65.347","65.663","65.928","66.086","66.319","66.516","66.731","66.997","67.304","67.607","67.913","68.168","68.412","68.586","68.739","68.813","68.992","69.12","69.253","69.546","69.809","70.101","70.446","70.87","71.161","71.512","71.705","71.787","71.816","71.758","71.624","71.488","71.328","71.216","71.17","71.189","71.281","71.287","71.478","71.585","71.542","71.493","71.395","71.405","71.502","71.717","71.979","72.245","72.405","72.435","72.357","72.214","72.052","71.879","71.606","71.532","71.452","69.085","71.481","71.479","71.606","",
"Jordan","JOR","Life expectancy at birth, total (years)","SP.DYN.LE00.IN","52.678","53.68","54.633","55.489","56.456","57.317","57.762","58.97","59.767","60.504","59.833","61.772","62.477","63.065","63.611","64.148","64.654","65.127","65.602","66.049","66.493","66.92","67.36","67.778","68.206","68.587","68.962","69.297","69.605","69.865","70.094","70.24","70.4","70.568","70.738","70.915","71.105","71.324","71.521","71.737","71.926","72.141","72.359","72.585","72.788","72.977","73.225","73.407","73.563","73.707","73.797","73.929","74.087","74.282","74.606","75.06","75.55","76.071","76.491","76.865","75.583","74.204","77.088","77.814","77.981","",
"Japan","JPN","Life expectancy at birth, total (years)","SP.DYN.LE00.IN","67.6956097560976","68.3519512195122","68.6348780487805","69.7124390243902","70.2065853658537","70.2668292682927","70.9158536585366","71.4660975609756","71.6109756097561","71.8580487804878","71.919756097561","72.8090243902439","73.1536585365854","73.2951219512195","73.6721951219512","74.2470731707317","74.6865853658537","75.2558536585366","75.5846341463415","76.1087804878049","75.9890243902439","76.3948780487805","76.8736585365854","76.9219512195122","77.2912195121951","77.5604878048781","78.0104878048781","78.429512195122","78.349756097561","78.7685365853659","78.8370731707317","79.0368292682927","79.080243902439","79.3036585365854","79.6968292682927","79.5360975609756","80.219756097561","80.4241463414634","80.5014634146342","80.4609756097561","81.0760975609756","81.4163414634146","81.6907317073171","81.76","82.030243902439","81.9551219512195","82.3219512195122","82.5070731707317","82.5875609756098","82.9314634146342","82.8426829268293","82.5912195121951","83.0960975609756","83.3319512195122","83.5878048780488","83.7939024390244","83.9848780487805","84.099756097561","84.2109756097561","84.3563414634146","84.56","84.4456097560976","83.9963414634146","84.0412195121951","84.0363414634146","",
"Kazakhstan","KAZ","Life expectancy at birth, total (years)","SP.DYN.LE00.IN","57.946","58.169","58.392","58.612","58.83","59.042","59.247","59.446","59.643","59.843","60.049","60.262","60.48","60.697","60.908","61.11","61.301","61.517","61.765","62.072","62.516","62.996","63.586","64.224","64.839","65.376","65.788","65.996","66.032","65.915","65.701","65.379","64.978","64.538","64.108","63.717","63.455","63.318","63.349","63.528","63.793","64.108","64.441","64.753","65.04","65.356","65.722","66.18","66.759","67.46","68.257","69.108","69.939","70.719","71.415","72.024","72.549","72.996","73.369","73.658","71.195","70.131","73.503","74.402","74.531","",
"Kenya","KEN","Life expectancy at birth, total (years)","SP.DYN.LE00.IN","48.477","49.33","50.104","50.758","51.323","51.886","52.383","52.796","53.302","53.734","54.143","54.543","55.013","55.5","56.039","56.62","57.153","57.684","58.234","58.691","59.175","59.562","59.904","60.342","60.611","60.856","60.818","60.721","60.32","59.99","58.334","57.826","57.095","56.668","56.101","55.856","55.575","55.478","55.568","55.866","56.084","56.501","56.759","57.369","57.947","58.51","59.059","59.407","59.955","60.483","60.915","61.283","61.537","61.729","61.99","62.279","62.526","62.725","62.825","62.939","61.596","61.225","63.549","63.646","63.834","",
"Kyrgyz Republic","KGZ","Life expectancy at birth, total (years)","SP.DYN.LE00.IN","55.0285853658537","55.3341219512195","55.641756097561","55.9325853658537","56.22","56.5190487804878","56.8273902439024","57.1559512195122","57.4480975609756","57.7547804878049","58.0186341463415","58.3217804878049","58.6458292682927","58.9897804878049","59.343756097561","59.6181951219512","59.8842682926829","60.1499756097561","60.4847804878049","60.8662195121951","61.3072195121951","61.6239756097561","62.0425609756098","62.1123414634146","62.620243902439","63.427","64.4399512195122","65.1416341463415","65.0037073170732","67.9073170731707","68.2975609756098","68.5512195121951","68.1024390243903","67.1926829268293","66.0390243902439","65.790243902439","66.5439024390244","66.8926829268293","67.0512195121951","68.6560975609756","68.5585365853659","68.7073170731707","68.1560975609756","68.2560975609756","68.1536585365854","67.9560975609756","67.6951219512195","67.8951219512195","68.4512195121951","69.1024390243903","69.3","69.6024390243903","70.0024390243902","70.2024390243902","70.4024390243902","70.6512195121951","70.9512195121951","71.2","71.4","71.6","71.8","71.9","72.0487804878049","72.2487804878049","72.4","",
"Cambodia","KHM","Life expectancy at birth, total (years)","SP.DYN.LE00.IN","42.134","42.588","43.079","43.612","44.044","44.497","44.948","45.193","45.586","45.935","38.628","38.7","38.909","39.078","39.296","12.784","11.632","11.295","11.573","41.072","47.498","48.035","48.755","49.383","50.089","50.799","51.555","53.674","54.433","54.768","55.205","55.582","55.747","56.036","56.221","56.562","56.832","57.266","57.859","58.611","59.491","60.457","61.395","62.345","63.256","64.113","64.886","65.549","66.147","66.747","67.311","67.869","68.371","68.755","69.117","69.398","69.635","69.842","69.993","70.127","70.059","69.301","70.528","70.668","70.817","",
"Kiribati","KIR","Life expectancy at birth, total (years)","SP.DYN.LE00.IN","47.958","48.468","49.042","49.688","50.356","51.028","51.736","52.454","53.129","53.763","54.38","54.934","55.313","55.79","56.102","56.358","56.562","56.057","56.924","57.106","57.303","57.525","57.773","58.05","58.357","58.719","59.118","59.576","60.055","60.539","61.018","61.502","61.968","62.406","62.797","63.146","63.47","63.797","64.1","64.393","64.674","64.918","65.123","65.287","65.416","65.517","65.601","65.677","65.746","65.808","65.859","65.896","65.908","65.898","65.869","65.831","65.799","65.787","65.807","65.866","65.205","64.148","66.269","66.473","66.6","",
"St. Kitts and Nevis","KNA","Life expectancy at birth, total (years)","SP.DYN.LE00.IN","56.84","57.338","57.84","58.43","59.04","59.595","60.081","60.445","60.776","61.079","61.372","61.74","62.137","62.517","62.888","63.191","63.49","63.73","63.995","64.198","64.385","64.62","64.868","65.118","65.334","65.482","65.554","65.516","65.451","65.45","65.641","65.958","66.339","66.708","67.002","67.23","67.488","67.811","67.891","68.725","69.249","69.767","70.194","70.614","70.92","71.151","71.356","71.437","71.479","71.488","71.452","71.4","71.362","71.29","71.228","71.211","71.227","71.284","71.336","71.54","71.181","69.271","70.313","72.145","72.281","",
"Korea, Rep.","KOR","Life expectancy at birth, total (years)","SP.DYN.LE00.IN","53.7975609756098","54.4768536585366","55.0549512195122","55.0254634146342","55.392243902439","55.8645853658537","55.5229756097561","60.9287317073171","60.9432682926829","61.4829024390244","62.1634146341463","62.6121951219512","63.009756097561","63.4073170731707","63.8048780487805","64.1536585365854","64.5024390243902","64.9","65.1975609756098","65.5463414634146","66.0463414634146","66.5463414634146","67.0951219512195","67.5463414634146","68.1951219512195","68.7951219512195","69.4463414634146","69.9975609756098","70.5487804878049","71.0487804878049","71.5975609756098","72.0463414634146","72.4975609756098","72.9975609756098","73.3975609756098","73.7","74.1512195121951","74.6024390243903","75.0048780487805","75.409756097561","75.909756097561","76.4121951219512","76.7658536585366","77.2146341463415","77.6658536585366","78.1682926829268","78.6682926829268","79.119512195122","79.5170731707317","79.9682926829268","80.1170731707317","80.5682926829269","80.819512195122","81.2707317073171","81.7219512195122","82.0243902439024","82.2756097560976","82.6268292682927","82.6268292682927","83.2268292682927","83.4268292682927","83.5268292682927","82.6804878048781","83.4292682926829","83.6292682926829","",
"Kuwait","KWT","Life expectancy at birth, total (years)","SP.DYN.LE00.IN","59.2033414634146","60.235","61.259512195122","62.2694146341463","63.2567073170732","64.217487804878","65.1482682926829","66.031","66.8460487804878","67.5747804878049","68.2020487804878","68.7147317073171","69.1198048780488","69.4439756097561","69.7139512195122","69.9550243902439","70.2014390243903","70.4684146341463","70.7654146341463","71.0943170731707","71.4554878048781","71.8493170731707","72.2716829268293","72.7137073170732","73.1655609756098","73.6203902439024","74.0703414634146","74.5105365853659","74.9282682926829","75.3036341463415","73.4171463414634","73.907243902439","76.0023902439025","76.0514878048781","76.0328292682927","75.979756097561","75.9250487804878","75.9071463414634","75.9642926829269","76.0779512195122","76.2258780487805","76.3843414634146","76.5316341463415","76.6445609756098","76.7276829268293","76.8007804878049","76.8876829268293","77.0101707317073","77.1890487804878","77.4333658536585","77.7262195121951","78.052243902439","78.3950243902439","78.7418048780488","79.0803414634146","79.3765609756098","79.6775853658537","79.9160731707317","80.1063658536585","81.969756097561","78.7609756097561","78.7365853658537","80.5878048780488","83.1878048780488","84.580487804878","",
"Latin America & Caribbean (excluding high income)","LAC","Life expectancy at birth, total (years)","SP.DYN.LE00.IN","54.5220693341467","55.0542330803469","55.4942242074526","55.9099293992967","56.3623601770665","56.8031300654121","57.3180230403275","57.7392413520008","58.0650920334649","58.3528852571318","58.4040289724034","59.2717251139914","59.7089233759264","60.1686590825431","60.579040944398","61.1282860484158","61.4697501207849","62.0702941292337","62.4994690135067","62.8322628979981","63.1751022784197","63.6009683568557","63.9187372762853","64.4774342269563","64.8513087774091","65.0472486105012","65.7103355633168","66.0659119021556","66.4380383279018","66.8008472915683","67.1289430678739","67.4425298510588","67.7211583963268","68.0688162529843","68.4557287986117","68.8547351944501","69.2452481011101","69.6500555644035","69.8402897313292","70.2307319473221","70.5498986335483","70.8246679458028","71.2447484060795","71.5736738142404","71.9021929729155","72.2728732661841","72.547009904381","72.7789303182258","72.9784448770196","73.1637293630776","73.1176199242098","73.6572563740251","73.9046419624981","74.1119744203538","74.2961500729974","74.4738475625624","74.3981617062286","74.5563362550727","74.7784467692697","74.9415412899456","72.8521491389008","71.442251113131","74.4013120327618","75.3619658099591","75.5362004917305","",
"Lao PDR","LAO","Life expectancy at birth, total (years)","SP.DYN.LE00.IN","41.036","41.344","42.272","41.544","41.859","42.222","42.347","42.869","43.183","43.46","43.776","44.122","44.416","44.728","45.886","46.15","46.012","46.408","46.832","47.46","48.56","49.237","49.931","50.485","51.014","51.579","52.144","52.597","53.077","53.589","54.035","54.7","55.098","55.583","55.81","56.344","56.821","57.302","57.549","57.866","58.317","58.887","59.302","59.643","60.08","60.688","61.074","61.694","62.248","63.023","63.69","64.505","65.126","65.723","66.35","66.688","67.014","67.345","67.594","67.911","68.339","67.807","68.715","68.964","69.225","",
"Lebanon","LBN","Life expectancy at birth, total (years)","SP.DYN.LE00.IN","63.927","64.267","64.595","64.879","65.103","65.317","65.504","65.677","65.802","65.918","66.018","66.12","66.201","66.298","66.41","57.744","36.436","60.331","59.996","59.557","59.909","60.279","47.19","60.752","61.167","61.574","62.011","62.539","62.92","65.114","65.479","70.865","71.169","71.559","72.03","72.383","72.614","72.94","73.201","73.513","73.895","74.354","74.836","75.275","75.693","76.074","75.677","76.732","76.956","77.262","77.529","77.768","77.941","78.037","78.148","78.275","78.306","78.192","78.263","78.208","76.299","73.65","78.003","77.817","77.945","",
"Liberia","LBR","Life expectancy at birth, total (years)","SP.DYN.LE00.IN","38.073","38.104","38.167","38.309","38.451","38.693","38.955","39.262","39.588","39.991","40.359","40.72","41.199","41.619","42.063","42.463","42.851","43.22","43.567","43.89","44.088","44.344","44.447","44.576","44.683","44.026","44.494","44.267","44.065","43.863","37.644","43.575","43.566","43.022","42.621","44.573","44.945","48.302","49.367","50.412","51.852","53.109","54.061","53.045","55.949","56.765","57.495","58.147","58.675","59.106","59.358","59.486","59.785","59.992","59.21","59.248","60.483","60.777","60.999","61.232","61.267","61.166","61.934","62.163","62.324","",
"Libya","LBY","Life expectancy at birth, total (years)","SP.DYN.LE00.IN","40.752","42.362","44.075","45.584","47.652","49.278","50.946","52.462","53.849","55.173","56.379","57.583","58.685","59.71","60.709","61.621","62.448","63.129","63.796","64.328","64.797","65.255","65.768","66.26","66.748","67.285","67.806","68.258","68.608","68.979","69.312","69.635","69.974","70.247","70.472","70.641","70.736","70.72","70.657","70.601","70.542","70.653","70.788","70.996","71.21","71.439","71.632","71.788","71.936","72.071","72.196","69.95","72.188","72.339","71.3","71.644","71.799","72.721","73.151","72.941","72.388","72.062","74.462","69.339","71.121","",
"St. Lucia","LCA","Life expectancy at birth, total (years)","SP.DYN.LE00.IN","57.865","59.095","59.877","60.538","61.339","61.924","62.533","63.161","63.749","64.026","64.29","64.492","64.645","64.573","65.419","65.909","66.198","66.957","67.38","67.364","67.801","68.688","68.977","69.987","70.522","70.308","70.229","69.671","69.736","70.028","70.008","70.309","70.734","71.05","71.076","71.172","70.963","70.778","70.68","70.692","70.779","71.367","71.707","72.188","72.453","72.544","72.794","72.86","72.963","72.946","72.768","72.962","72.86","72.687","72.676","72.932","72.552","72.522","72.655","72.249","72.308","69.119","72.67","72.697","72.846","",
"Latin America & Caribbean","LCN","Life expectancy at birth, total (years)","SP.DYN.LE00.IN","55.0773141172091","55.576697280404","56.010257113079","56.4143777814931","56.8464187074668","57.2897599484661","57.808423676564","58.2283993541018","58.5512168030279","58.8431982353016","58.902379612124","59.7342015343058","60.1655753368672","60.6250925963834","61.0403324699986","61.5967926063586","61.9488690494927","62.5390220637687","62.9606635576043","63.3018406741567","63.649340251584","64.0618298897904","64.3781886185532","64.922323788958","65.286613829554","65.4772065166013","66.1188432524215","66.4669291599639","66.8267411220726","67.1715502333429","67.5066051855487","67.8238040154633","68.0909397835243","68.4262943768375","68.8002934223806","69.1860038199173","69.5658524577749","69.9622221194511","70.1597429021998","70.5489161767663","70.8691414957334","71.1505464911298","71.5629004971875","71.878308455923","72.203823196463","72.5638143751286","72.8332266680253","73.0593298775944","73.2561404095911","73.4422623291815","73.4093227755616","73.9248923022491","74.1643943654901","74.3809772735109","74.5608348669826","74.7432221893097","74.6774848833781","74.8318087892113","75.052717198381","75.2042598654921","73.1889367787058","71.8141764640132","74.6472096226697","75.6435273357906","75.8179100020065","",
"Least developed countries: UN classification","LDC","Life expectancy at birth, total (years)","SP.DYN.LE00.IN","41.1520359463557","41.5799534401158","42.0598553024842","42.2470646042318","42.8414576891622","42.945901259314","43.4172150177509","44.0150066160107","44.3698967601326","44.7065747457569","43.4926215493787","40.1987043878844","45.1982516345072","45.6941142309257","45.7401964642578","45.6985417627057","46.2719254702855","46.6871241475065","46.9778465304308","47.7827026750584","48.2327276642432","48.5326840447889","48.7948889234745","48.1866325427129","48.2693440342434","48.6185063128524","49.3446903407763","50.2105792475867","50.4215207386848","50.8958708861624","51.0390684144602","50.667726306693","51.392128629461","52.0067399641488","52.2582548878349","52.9419123237299","53.2493842562998","53.7265997211895","53.8866015400869","54.5658060244129","55.4013109927151","55.9858159581879","56.5350287539977","57.1743521785809","57.71121787803","58.3100149055359","59.0169336288555","59.6139962487597","59.8135647530126","60.5743561841469","61.0428031511838","61.5023936634084","62.2276732048151","62.7257554327064","62.9617174792618","63.3074864756394","63.726492423797","64.0368817418845","64.6054293900193","64.9756210416769","64.8355012784588","64.2699057684324","65.7663286665813","66.5196263232195","66.7090446173001","",
"Low income","LIC","Life expectancy at birth, total (years)","SP.DYN.LE00.IN","41.2762378759206","41.6270736023983","41.9850969799661","42.243852545863","42.6920525084779","42.9486575152487","42.9868003882627","43.7383067405726","44.1118012879939","44.4390421257623","44.7885759868813","45.0356158216668","44.8320330250692","45.4096061532547","45.5388574446655","45.8328233032558","46.5170946353808","46.874348112971","47.0211043528802","47.4073374405462","47.7585677921243","47.907481320518","47.9045294107297","46.8023483514057","46.6745785489938","47.1440084491441","48.0691817653555","49.4305140549598","49.5714538365822","50.1707269038931","50.2243120665118","50.1915093788098","50.4077154207256","51.2021485836509","51.2584214192153","51.3661182847911","51.5132848085562","51.9508732681988","51.861024220542","52.6242722851045","53.5658266787602","54.0977622538533","54.5883733134626","55.6467903296323","56.1525263948714","56.7098937328984","57.5164128657126","58.1967760446753","58.8124314098635","59.137335167122","59.9228440660563","60.0234280143609","60.645343297395","61.1278756447435","61.2355124632344","61.4773611355614","61.9153373144368","62.1652180538127","62.8810663634809","63.3423644700836","63.3985123751126","62.9162289932422","64.0824869475372","65.0356834241329","65.236848074161","",
"Liechtenstein","LIE","Life expectancy at birth, total (years)","SP.DYN.LE00.IN","70.8882195121951","70.9554390243902","70.8495853658537","70.9008536585366","71.0428048780488","71.2156585365854","71.6317804878049","72.0426341463415","72.3931219512195","72.6079024390244","72.8831951219512","73.0916829268293","73.4018048780488","73.6489512195122","73.9874390243903","74.2641951219512","74.4749512195122","74.6583170731707","74.5905609756098","74.6135609756098","74.6580975609756","74.8312195121951","74.9551707317073","75.6130487804878","76.0926341463415","76.6388048780488","77.1143170731708","77.614756097561","77.8447317073171","78.1208536585366","78.3315365853659","78.4712926829268","78.4636585365854","78.2707073170732","78.4219512195122","77.390243902439","76.8365853658537","76.0463414634146","77.7463414634146","79.109756097561","76.8268292682927","79.2756097560976","79.6365853658537","79.9609756097561","81.7707317073171","80.6682926829268","80.9487804878049","81.2951219512195","82.6829268292683","81.5","81.8414634146342","81.7926829268293","82.3829268292683","82.2609756097561","82.0731707317073","82.6560975609756","82.2585365853659","83.7463414634147","83.0414634146342","84.1609756097561","81.6585365853659","84.4024390243902","84.1219512195122","84.5951219512195","84.2","",
"Sri Lanka","LKA","Life expectancy at birth, total (years)","SP.DYN.LE00.IN","60.602","61.158","61.627","62.031","62.376","62.793","63.156","63.556","63.869","64.138","64.352","64.24","64.625","64.785","64.966","65.355","65.84","66.391","66.844","67.514","68.006","68.38","68.665","68.726","68.761","68.881","68.962","69.009","68.995","67.284","69.239","69.131","69.619","70.049","70.211","69.746","69.841","69.934","70.134","70.427","71.179","71.804","72.271","72.442","68.022","73.073","72.825","72.983","72.556","70.298","74.463","74.74","75.187","75.546","75.757","75.99","76.136","76.239","76.485","76.698","76.928","76.278","77.3","77.483","77.672","",
"Lower middle income","LMC","Life expectancy at birth, total (years)","SP.DYN.LE00.IN","44.7486324417679","45.1333461043058","45.6152199438861","45.9828412386232","46.4285488342371","45.8876212373289","46.4010633296755","46.7234473032505","47.9770987895335","48.3489590433754","48.2641854957323","47.1972046064746","49.4534791071855","49.8711261565909","50.3646634182628","50.7247203555394","51.2203657494032","51.7943717133637","52.3361486673795","52.99622689196","53.575842214138","54.0999419773902","54.5652845925198","55.0529623445565","55.4881599792977","55.8834267222389","56.2988639436645","56.6615053823708","57.0163536573204","57.380728806273","57.6860707154854","57.8272733418135","58.2600722016632","58.5419340241499","58.8539989914489","59.1844829554281","59.5011867536144","59.8466071901191","60.1913165918428","60.6210042154135","61.067603976086","61.4468342858288","61.926798189265","62.3568599660003","62.7587875522039","63.1102278346515","63.5808285753849","63.9765127251389","64.2324104108652","64.7622113931181","65.0880690485672","65.5448113702143","65.9312132098425","66.2887596631171","66.6478228672882","66.9713052944827","67.3084956145481","67.6239325402262","67.9414432210583","68.2362841633293","67.6210996997917","66.0070723287166","69.0302473093761","69.3282445149932","69.5243427458333","",
"Low & middle income","LMY","Life expectancy at birth, total (years)","SP.DYN.LE00.IN","43.4832565617931","45.9712256541056","49.59098765336","50.0801871438059","50.5968814379187","50.40241761909","51.122226941143","51.7109652309735","52.4446450200815","52.9747485953908","53.2870775807762","53.3584098836181","54.4705335362814","55.0942311742298","55.5807492234025","56.1518357125186","56.5646969445777","57.2943525802505","57.7701170327412","58.3234862707846","58.776778104613","59.1925856458833","59.6021636386421","59.964828236592","60.3508136527852","60.7215731172967","61.1515894397039","61.5669707597674","61.8471316824064","62.2132700756616","62.4191718397035","62.6720786703707","63.0071838099885","63.3332931145742","63.5836495158323","63.8949503200479","64.1959173550739","64.5183036945212","64.7822702330644","65.1111115143984","65.5026469068866","65.8252012990643","66.1730202625342","66.5206935734983","66.7485375374222","67.1609764802491","67.5165744610236","67.8705140876484","68.0858529818689","68.4826507476362","68.829079801859","69.1237816714452","69.4672754810116","69.7578943672838","70.0129747334528","70.2660277698023","70.5023449377455","70.7083294342373","71.0377085637557","71.2751936184695","70.6688288777218","69.5994726083483","71.5990630119306","71.8872400935005","72.02401270252","",
"Lesotho","LSO","Life expectancy at birth, total (years)","SP.DYN.LE00.IN","50.171","50.275","50.307","50.26","50.307","50.326","50.377","50.513","50.791","51.117","51.501","51.845","52.256","52.62","52.941","53.454","53.931","54.526","55.166","55.843","56.534","57.307","57.976","58.495","58.955","59.211","59.346","59.557","59.572","59.505","59.317","59.061","58.638","58.06","57.288","56.368","55.136","53.733","52.029","50.385","48.783","47.153","45.95","44.921","44.039","43.611","43.182","43.66","44.304","45.055","46.045","46.93","48.235","49.547","50.786","51.83","52.908","53.874","54.638","55.249","55.133","54.209","56.812","57.375","57.798","",
"Late-demographic dividend","LTE","Life expectancy at birth, total (years)","SP.DYN.LE00.IN","43.9051834271111","48.2920866120114","54.8569257788532","55.4337152314113","55.9962946718507","56.4452167373342","56.9361339951294","57.3944375234018","57.8163470238336","58.3601343700733","58.9764745981573","59.6519703087207","60.1551384261586","60.9209729454539","61.4483797172094","62.1317767430618","62.4015202687061","63.3011148646941","63.7973400355416","64.252061038386","64.6717897557729","65.1610827917008","65.5967191154177","66.0115442708653","66.3376482315143","66.6808124527958","67.1854541841269","67.5082974156621","67.7870917164106","68.050722220306","68.2431140554747","68.5532049716301","68.770129876965","68.9612707737103","69.2040561673047","69.5210327599019","69.9942023811355","70.4035763536864","70.769457575003","70.9988624371719","71.2853076947069","71.6274933298313","71.9275718160017","72.3420403334068","72.622308504374","73.007214154553","73.3817363374868","73.7749281005029","73.9252633570755","74.3481601286124","74.7108209347901","74.9999962879426","75.2993648872023","75.5790485316218","75.8239893452747","76.0762328807768","76.2928997245812","76.4174343501022","76.7781489421434","76.9979606258316","76.6935638089228","76.3060137275686","76.9543673255695","77.1240537371626","77.2329659519788","",
"Lithuania","LTU","Life expectancy at birth, total (years)","SP.DYN.LE00.IN","69.8473170731707","70.1026829268293","69.0953658536585","70.2043902439024","71.5090243902439","71.3251219512195","71.520243902439","71.6039024390244","71.3136585365854","70.9285365853659","70.8043902439024","71.7353658536585","71.0246341463415","71.3321951219512","71.2441463414634","70.8673170731707","70.9580487804878","70.809512195122","70.6046341463415","70.4821951219512","70.4821951219512","70.4607317073171","70.8368292682927","70.7778048780488","70.32","70.5012195121951","72.0807317073171","71.9346341463415","71.7621951219512","71.4253658536585","71.1607317073171","70.3641463414634","70.2343902439025","68.9104878048781","68.530243902439","69.0063414634147","70.1080487804878","70.9090243902439","71.219512195122","71.5707317073171","72.0195121951219","71.6585365853659","71.7609756097561","72.0609756097561","71.9609756097561","71.2536585365854","71.0560975609756","70.9","71.8121951219512","72.9146341463415","73.2682926829268","73.5634146341464","73.8634146341464","73.9146341463415","74.5170731707317","74.3219512195122","74.6707317073171","75.4804878048781","75.6804878048781","76.2829268292683","75.0292682926829","74.0365853658537","75.6439024390244","77.290243902439","77.1951219512195","",
"Luxembourg","LUX","Life expectancy at birth, total (years)","SP.DYN.LE00.IN","68.8005609756098","69.1529268292683","68.4317317073171","68.6719756097561","68.8656829268293","69.2268536585366","68.9003658536585","69.4889268292683","69.974756097561","69.7166829268293","69.2080975609756","69.2398536585366","70.4433658536585","70.3344390243903","70.1996341463415","70.3182195121951","70.2204146341464","71.4241463414634","71.4146341463415","72.1766585365854","72.2581707317073","71.9679268292683","72.0555853658537","72.8511951219512","72.5807073170732","73.1336097560976","73.952512195122","73.7223414634146","74.1201951219512","74.1226585365854","74.7754878048781","75.4634146341463","75.7707317073171","75.7121951219512","76.3707317073171","76.5121951219512","76.519512195122","76.880487804878","77.0170731707317","77.7707317073171","77.8731707317073","77.8243902439025","77.9658536585366","77.7268292682927","79.1219512195122","79.4317073170732","79.2878048780488","79.3829268292683","80.5390243902439","80.6365853658537","80.6317073170732","80.9878048780488","81.3926829268293","81.8","82.2292682926829","82.2926829268293","82.6853658536585","82.0951219512195","82.2951219512195","82.6390243902439","82.1439024390244","82.5975609756098","82.9463414634147","83.309756097561","83.1951219512195","",
"Latvia","LVA","Life expectancy at birth, total (years)","SP.DYN.LE00.IN","69.7868292682927","70.0324390243903","69.430487804878","69.8290243902439","71.0280487804878","70.7265853658537","70.7073170731707","70.3939024390244","70.0429268292683","69.7968292682927","69.8353658536586","70.1646341463415","69.8787804878049","69.8134146341464","69.7409756097561","68.9253658536585","69.0478048780488","69.1046341463415","68.9878048780488","68.4956097560976","68.8085365853659","68.7863414634146","69.3282926829268","69.1190243902439","69.1629268292683","69.2914634146342","70.6224390243903","70.6929268292683","70.6153658536585","70.1553658536586","69.2731707317073","69.0324390243903","68.3960975609756","66.7226829268293","65.6643902439025","66.3912195121951","68.7765853658537","69.3492682926829","69.0121951219512","69.7429268292683","70.3146341463415","70.7609756097561","70.9609756097561","71.2658536585366","72.0268292682927","71.3560975609756","70.8658536585366","71.019512195122","72.419512195122","73.0804878048781","73.4829268292683","73.5756097560976","73.7780487804878","73.9829268292683","74.1243902439024","74.4804878048781","74.580487804878","74.6292682926829","74.7829268292683","75.3878048780488","75.1853658536585","72.9804878048781","74.2780487804878","75.4268292682927","76.4292682926829","",
"Macao SAR, China","MAC","Life expectancy at birth, total (years)","SP.DYN.LE00.IN","63.780756097561","64.311","64.9175365853659","65.4913414634146","65.8860731707317","66.2214634146342","66.7044146341464","67.3226829268293","67.945","68.1946341463415","68.6991463414634","69.1089268292683","69.6813902439025","70.1881463414634","70.5503902439024","70.7074390243902","71.4869756097561","71.3875365853659","71.9051463414634","72.3346829268293","72.7648292682927","73.1919756097561","73.7552926829268","73.906512195122","74.0673902439025","74.5358048780488","74.814512195122","74.9958292682927","75.3718536585366","76.0493658536586","76.3986829268293","76.4601219512195","76.8933170731707","77.3012682926829","77.2664878048781","76.7585365853659","77.5439024390244","77.6463414634146","78.2463414634146","78.9951219512195","80.1829268292683","80.5878048780488","80.9463414634146","81.0439024390244","80.9926829268293","81.3414634146341","81.7292682926829","81.7292682926829","82.0268292682927","82.1756097560976","82.2731707317073","82.4707317073171","82.4707317073171","82.7219512195122","83.0219512195122","83.2243902439024","83.2756097560976","83.5268292682927","83.6780487804878","83.9292682926829","84.1292682926829","83.7292682926829","83.0804878048781","83.1804878048781","83.3317073170732","",
"St. Martin (French part)","MAF","Life expectancy at birth, total (years)","SP.DYN.LE00.IN","67.648","67.912","68.194","68.487","68.757","69.034","69.401","69.775","70.15","70.559","70.982","71.305","71.568","71.78","71.933","72.046","72.116","72.174","72.238","72.296","72.347","72.384","72.419","72.55","72.734","72.943","73.201","73.519","73.858","74.205","74.565","74.925","75.15","75.349","75.533","75.714","75.885","76.105","76.338","76.565","76.793","77.009","77.219","77.419","77.612","77.802","77.989","78.16","78.326","78.513","78.752","79.016","79.302","79.528","79.727","79.829","79.885","78.762","80.029","80.078","80.085","80.206","80.236","80.224","80.438","",
"Morocco","MAR","Life expectancy at birth, total (years)","SP.DYN.LE00.IN","41.73","43.694","44.226","44.768","45.346","45.922","46.495","47.099","47.659","48.187","48.691","49.169","49.706","50.22","50.762","51.356","52.048","52.791","53.554","54.376","55.219","56.023","56.869","57.685","58.438","59.208","59.951","60.62","61.231","61.824","62.396","62.919","63.388","63.868","64.346","64.725","65.226","65.616","66.008","66.404","66.794","67.2","67.582","67.958","68.272","68.748","69.157","69.62","70.051","70.454","70.821","71.263","71.674","72.117","72.522","72.894","73.228","73.608","73.946","74.245","73.133","73.385","75.161","75.313","75.493","",
"Monaco","MCO","Life expectancy at birth, total (years)","SP.DYN.LE00.IN","71.861","72.177","72.437","72.476","72.706","72.866","73.03","73.058","73.17","73.249","73.349","73.365","73.381","73.374","73.421","73.523","73.797","74.193","74.656","74.87","74.948","74.953","75.255","75.697","76.394","77.363","78.4","79.257","79.408","79.416","79.436","79.749","80.065","80.365","80.654","80.902","81.133","81.358","81.605","81.826","82.121","82.485","83.055","83.613","84.151","84.34","84.194","83.903","83.827","84.187","84.644","85.01","85.045","85.056","85.093","85.323","85.63","85.878","86.084","86.151","86.089","85.113","85.746","86.372","86.497","",
"Moldova","MDA","Life expectancy at birth, total (years)","SP.DYN.LE00.IN","59.44","59.856","60.254","60.616","60.962","61.275","61.552","61.781","61.975","62.184","62.414","62.672","62.932","63.175","63.437","63.7","63.968","64.231","64.489","64.823","65.189","65.595","65.859","66.149","66.433","66.882","67.395","67.922","68.191","68.173","67.92","67.554","66.749","66.66","66.319","66.218","66.248","66.484","66.84","67.205","67.462","67.672","67.793","67.9","68.017","68.197","68.423","68.674","69","69.406","69.876","70.173","70.344","70.291","70.241","70.118","70.179","70.375","70.236","70.181","69.914","68.991","71.546","71.198","71.332","",
"Madagascar","MDG","Life expectancy at birth, total (years)","SP.DYN.LE00.IN","43.349","43.79","44.185","44.626","45.037","45.447","45.98","46.457","46.932","47.322","47.898","48.204","48.507","48.921","49.303","49.596","49.8","49.945","50.017","50.059","49.984","49.806","50.009","50.107","50.209","50.406","50.651","51.098","51.425","51.816","52.14","52.555","52.946","53.733","54.247","54.845","55.477","56.127","56.803","57.434","57.974","58.674","59.17","59.693","60.168","60.664","61.14","61.533","61.992","62.304","62.597","62.86","63.007","63.161","63.261","63.362","63.431","63.433","63.491","63.504","62.706","62.516","63.068","63.632","63.835","",
"Maldives","MDV","Life expectancy at birth, total (years)","SP.DYN.LE00.IN","38.244","38.645","39.09","39.593","40.152","40.759","41.406","42.106","42.852","43.654","44.522","45.454","46.431","47.459","48.535","49.645","50.753","51.835","50.448","53.871","54.819","55.729","56.614","57.484","58.341","59.18","59.993","60.789","61.59","62.375","63.148","63.911","64.664","65.434","66.197","66.962","67.734","68.517","69.303","70.157","70.892","71.659","72.36","73.263","73.008","74.785","75.256","75.711","75.999","76.371","76.756","77.141","77.512","77.847","78.187","78.607","78.913","79.228","79.433","79.707","78.713","78.052","80.76","81.041","81.285","",
"Middle East, North Africa, Afghanistan & Pakistan","MEA","Life expectancy at birth, total (years)","SP.DYN.LE00.IN","43.5165882446898","44.66657764804","45.1704889543003","45.8218282735477","46.5863458235392","47.2003777959251","48.3303645839876","48.9812446411898","49.5740194698905","50.2626317051794","50.8897364738511","50.2523103760476","52.0674454232199","52.5801137731139","53.1770726497956","53.7544820056235","54.2746056765249","55.2198587430077","55.6743938344268","56.5636397281382","57.0787235305079","57.4107677857204","57.8338316375122","58.8714900626031","59.5113171801841","60.0636597951026","60.6806427414193","61.2032330602589","61.5756088635228","62.2977472202342","62.4064340378254","63.1853756813512","63.6456887458733","64.0085648294676","64.1689718038005","64.4488985183879","64.7646967701053","65.0220554619783","65.3905262967863","65.8481545626508","66.2225138150545","66.597196122581","66.9641479857025","67.083794061249","67.5318434649335","67.529947021124","68.0590796974229","68.346588319376","68.7041650814368","68.9987213130448","69.2105446964534","69.3940300698411","69.4551250054337","69.708340253746","69.9897867130321","70.1510409297575","70.4288635225293","70.7096592741194","70.9403213532696","71.2438695042576","69.9110789555644","69.7113193479505","71.6917293154863","72.0838364704563","72.3150125047629","",
"Mexico","MEX","Life expectancy at birth, total (years)","SP.DYN.LE00.IN","53.573","54.422","55.057","55.501","55.916","56.688","57.355","57.959","58.22","58.413","58.893","59.415","60.051","60.518","61.18","61.883","62.475","62.988","63.435","63.862","64.282","64.722","65.256","65.756","66.215","66.775","67.377","67.904","68.299","68.621","69.034","69.368","69.663","69.961","70.302","70.703","71.088","71.472","71.792","72.203","72.562","72.912","73.106","73.308","73.432","73.627","73.746","73.796","73.695","73.628","73.718","73.921","74.128","74.289","74.404","74.431","74.376","74.261","74.301","74.53","70.449","69.75","73.973","75.069","75.264","",
"Marshall Islands","MHL","Life expectancy at birth, total (years)","SP.DYN.LE00.IN","54.359","54.725","55.214","55.739","56.265","56.779","57.284","57.764","58.192","58.504","58.798","59.133","59.491","59.833","60.12","60.273","60.416","60.572","60.701","60.845","60.989","61.139","61.293","61.452","61.602","61.712","61.778","61.808","61.778","61.733","61.756","61.792","61.9","62.085","62.308","62.515","62.765","63.015","63.218","63.421","63.323","63.735","63.848","63.956","64.044","64.112","64.207","64.259","64.3","64.395","64.498","64.641","64.776","64.954","65.11","65.292","65.477","65.673","65.87","66.047","65.387","65.421","66.725","66.945","67.075","",
"Middle income","MIC","Life expectancy at birth, total (years)","SP.DYN.LE00.IN","43.6332156508729","46.2693729057564","50.115184546006","50.6198265215886","51.1413476093373","50.9162550854907","51.6830840151531","52.26129935796","53.0208195568306","53.5657004968171","53.87619499992","53.9362322678839","55.1409353719623","55.7696170875286","56.2836531832012","56.8771345761374","57.2743229458208","58.0336044858071","58.537792740564","59.1086331399161","59.5702504142477","60.0039113592935","60.4450888265295","60.9186178826845","61.3478258491021","61.7171916521134","62.1158194844727","62.4663721017444","62.7621733153018","63.117054311292","63.339720868789","63.620787235505","63.9760231984236","64.2799227224791","64.5577806796851","64.8969792755709","65.2233859720393","65.5489037913222","65.8551230524083","66.1615874056695","66.5190293920721","66.8362757800678","67.1873346010373","67.4882937058145","67.7057737444581","68.1199928300658","68.4498049465259","68.7885219423492","68.9800130190862","69.3980951064878","69.7152724941539","70.0433399389519","70.3714424713366","70.653650805728","70.9352424200034","71.2016487222758","71.4300275716491","71.6459926445355","71.9484629361219","72.1773912892027","71.5113174647439","70.3885567961503","72.5034114518773","72.7277443304535","72.8726073761326","",
"North Macedonia","MKD","Life expectancy at birth, total (years)","SP.DYN.LE00.IN","60.5017317073171","61.7780975609756","59.2847317073171","61.3576097560976","61.5034146341463","62.5633658536586","63.4809024390244","63.7112926829268","64.5210975609756","63.9315365853659","64.9018292682927","65.1379268292683","65.5685853658537","66.9862682926829","67.0261951219512","67.1628780487805","67.7716829268293","68.1356585365854","68.9548780487805","69.0623658536585","68.9679756097561","69.3280975609756","69.7328536585366","69.6072926829268","70.0617804878049","70.0877804878049","70.1540975609756","70.2638048780488","70.3136097560976","70.9574634146342","71.1720975609756","71.5829024390244","71.1484634146342","71.5965609756098","71.6926829268293","71.8487804878049","72.4951219512195","72.4463414634146","72.2975609756098","72.790243902439","72.9463414634147","73.4365853658537","73.0390243902439","73.2414634146342","73.5975609756098","73.6975609756098","73.8951219512195","73.8","74.4","74.4463414634146","74.9975609756098","75.1","74.9024390243903","75.4","75.4512195121951","75.4024390243902","75.4","75.9536585365854","76.6487804878049","76.6024390243903","74.3951219512195","73.2463414634146","74.4248780487805","75.3160975609756","76.6165853658537","",
"Mali","MLI","Life expectancy at birth, total (years)","SP.DYN.LE00.IN","30.459","30.637","30.833","31.02","31.231","31.529","31.792","32.197","32.568","32.871","33.396","33.804","34.507","35.087","35.749","36.484","37.204","37.986","38.761","39.506","40.266","40.984","41.804","42.748","43.396","43.921","44.62","45.228","45.72","46.237","46.541","46.889","47.238","47.586","47.914","48.292","48.5","49.086","49.592","50.06","50.605","51.3","51.995","52.632","53.253","53.792","54.305","54.756","55.187","55.588","55.993","56.367","56.696","57.052","57.482","57.852","58.286","58.562","58.873","59.217","58.858","59.116","60.035","60.439","60.675","",
"Malta","MLT","Life expectancy at birth, total (years)","SP.DYN.LE00.IN","68.3440975609756","68.3216341463415","69.0752682926829","69.158512195122","69.2581951219512","69.3719024390244","69.6580975609756","69.710512195122","69.8187804878049","69.9741463414634","70.2849512195122","70.0765365853659","70.5963170731707","71.2199268292683","71.8290731707317","71.9532195121951","72.0916097560976","72.2178048780488","72.2289268292683","72.3917073170732","72.2183902439025","72.2716585365854","72.7255853658537","73.0011463414634","73.2111707317073","73.7640731707317","74.393512195122","75.1933170731707","75.7509024390244","76.0512926829268","76.0459268292683","76.3776341463415","76.5651219512195","76.7196097560976","76.8329756097561","77.290243902439","77.3414634146342","77.7390243902439","77.5878048780488","77.5","78.3487804878049","78.8439024390244","78.7390243902439","78.5463414634146","79.2536585365854","79.3","79.4390243902439","79.7926829268293","79.6365853658537","80.2414634146342","81.3975609756098","80.7463414634146","80.7463414634146","81.7463414634146","81.8951219512195","81.7975609756098","82.3536585365854","82.1951219512195","82.2487804878049","82.6585365853659","82.0975609756098","82.2585365853659","82.2975609756098","83.3560975609756","82.9560975609756","",
"Myanmar","MMR","Life expectancy at birth, total (years)","SP.DYN.LE00.IN","44.086","44.603","45.264","45.951","46.653","47.405","48.181","48.86","49.4","50.02","50.47","51.027","51.397","51.763","52.092","52.493","52.908","53.266","53.522","54.026","54.374","54.699","55.033","55.308","55.596","55.816","56.084","56.353","56.57","56.889","57.159","57.395","57.681","58.032","58.326","58.671","59.169","59.523","59.896","60.107","60.357","60.64","60.925","61.196","61.443","61.72","62.026","62.367","56.364","63.095","63.479","63.859","64.251","64.617","64.994","65.288","65.64","65.909","66.232","66.457","66.612","65.553","66.506","66.889","67.095","",
"Middle East, North Africa, Afghanistan & Pakistan (excluding high income)","MNA","Life expectancy at birth, total (years)","SP.DYN.LE00.IN","43.4132691936275","44.1901236960878","44.6818278051315","45.7147486310035","46.4765810322621","47.0827464675415","47.8638222252998","48.5220142283659","49.1206749502756","49.8104905207651","50.4288464604734","49.7207505731107","51.5964140713434","52.0852184715503","52.6754004537141","53.241892897475","53.7369267532141","54.6943820299513","55.1315666869342","56.0270274264861","56.5268479659775","56.8378946741224","57.2532226400128","58.3124515698044","58.9549368285972","59.5039633453074","60.1307379648158","60.6506835404093","61.0276496492712","61.7427304403537","61.86242007335","62.6673249254626","63.120272467422","63.4769595101973","63.6262493800491","63.9040214770717","64.2095358044498","64.4598684308186","64.8233679087773","65.2748261800046","65.6368471519478","65.9952073676464","66.3529323677295","66.4455527298438","66.8873537609515","66.853402612801","67.3815240346302","67.6503603993861","67.9910660173055","68.2744546682628","68.4912505131132","68.6624095113408","68.6913310388784","68.9136300385634","69.1715558421355","69.2873263613117","69.5328376363007","69.8141316373328","70.0733668958653","70.417484585256","69.050634286622","68.9280214782653","71.0055315443397","71.2758849884582","71.4871863765917","",
"Montenegro","MNE","Life expectancy at birth, total (years)","SP.DYN.LE00.IN","65.4921951219512","65.9281951219512","66.2178780487805","66.6071951219512","67.2085609756098","67.9017317073171","68.4289024390244","69.0755609756098","69.6431707317073","69.9628780487805","70.2063170731708","70.6126585365854","71.0364634146342","71.3676097560976","71.4118048780488","71.7094146341463","71.8461951219512","71.6151219512195","71.7102195121951","71.2804634146342","72.0325853658537","71.9192926829268","72.1014878048781","72.1067804878049","72.0980487804878","72.2386097560976","72.5884634146342","72.9833414634146","73.2131219512195","73.6204878048781","73.6963414634146","73.7667317073171","73.6216585365854","73.6938780487805","73.5877804878049","73.5649268292683","73.4447317073171","73.3429756097561","73.2877804878049","73.1438780487805","73.3968048780488","73.5801951219512","73.9652195121951","74.0557317073171","74.2056097560976","73.9829268292683","73.8390243902439","74.3390243902439","75.1365853658537","75.1439024390244","75.990243902439","76.0829268292683","76.3","76.490243902439","76.3390243902439","76.6024390243903","76.5414634146342","76.6853658536585","77.8853658536585","76.6829268292683","75.9317073170732","73.8243902439024","76.1878048780488","77.5878048780488","77.890243902439","",
"Mongolia","MNG","Life expectancy at birth, total (years)","SP.DYN.LE00.IN","44.5310487804878","45.3926829268293","46.2474146341463","47.106243902439","47.9171951219512","48.6831463414634","49.3344878048781","50.09","50.7391951219512","51.3599756097561","51.9505853658537","52.5202195121951","53.0728292682927","53.5671463414634","53.9876341463415","54.3009756097561","54.5484146341463","54.7357804878049","54.8861707317073","55.0270487804878","55.1848780487805","55.3730487804878","55.5940243902439","55.8454146341464","56.1206097560976","56.416756097561","56.7378048780488","57.0928536585366","57.4803414634146","58.1020243902439","58.8011951219512","59.8047317073171","60.4307073170732","60.8242195121951","60.859","60.892512195122","60.994","61.414512195122","62.0830731707317","62.7895365853659","63.2104878048781","63.3917073170732","63.540243902439","63.5753658536585","64.630243902439","65.2807317073171","65.9021951219512","66.5934146341464","67.2460975609756","67.9690243902439","68.5056097560976","69.109268292683","69.500243902439","70.0980487804878","70.5831707317073","70.810243902439","70.2239024390244","70.5434146341463","70.8270731707317","71.0531707317073","71.3490243902439","71.6451219512195","71.9007317073171","72.1224390243902","72.3980487804878","",
"Northern Mariana Islands","MNP","Life expectancy at birth, total (years)","SP.DYN.LE00.IN","61.39","61.671","61.972","62.308","62.592","62.958","63.331","63.711","64.076","64.475","64.831","65.196","65.557","65.988","66.434","66.85","67.278","67.653","67.903","68.123","68.302","68.479","68.692","68.858","69.062","69.231","69.357","69.48","69.614","69.784","70.038","70.362","70.762","71.156","71.533","71.938","72.442","72.947","73.573","74.262","74.9","75.419","75.934","76.505","76.789","77.307","77.688","77.863","77.938","77.903","77.8","77.688","77.566","77.452","77.377","77.36","77.392","77.47","77.51","77.844","78.03","78.16","78.531","78.808","78.947","",
"Mozambique","MOZ","Life expectancy at birth, total (years)","SP.DYN.LE00.IN","41.197","41.5","41.761","41.958","41.656","41.792","41.835","41.953","42.1","42.267","42.459","42.581","42.523","42.724","43.211","43.821","43.923","43.924","43.963","43.914","43.987","41.643","41.677","41.596","38.897","38.984","40.951","41.002","43.691","43.889","44.337","44.705","45.095","45.675","46.086","46.546","47.121","47.8","48.212","48.837","49.476","50.259","50.879","51.383","51.855","52.322","52.748","53.255","53.799","54.4","55.04","55.733","56.46","57.189","57.965","58.711","59.455","60.148","60.79","61.306","61.39","60.268","63.011","63.611","63.797","",
"Mauritania","MRT","Life expectancy at birth, total (years)","SP.DYN.LE00.IN","43.611","44.307","45.047","45.794","46.581","47.36","48.135","48.893","49.507","50.085","50.544","50.757","51.037","51.216","51.432","51.571","51.77","51.998","52.349","52.763","53.204","53.684","54.229","54.58","55.195","55.808","56.323","56.964","57.483","57.699","58.087","58.291","58.568","58.733","58.763","58.861","58.915","59.417","59.89","60.443","61.044","61.662","62.249","62.805","63.369","63.92","64.493","64.885","65.233","65.485","65.661","65.754","65.808","65.89","66.207","66.498","66.823","67.088","67.419","67.64","66.794","66.762","68.281","68.484","68.713","",
"Mauritius","MUS","Life expectancy at birth, total (years)","SP.DYN.LE00.IN","58.4614146341463","59.5666829268293","60.4433902439024","61.128512195122","61.5040487804878","62.074756097561","62.1274878048781","61.7451707317073","62.0993414634146","62.7038780487805","63.7321951219512","63.9004390243903","63.8733902439024","64.2941951219512","64.4107073170732","64.6136829268293","64.3810243902439","65.1307317073171","65.5920731707317","66.3225365853659","66.7709024390244","67.4061463414634","68.0819756097561","68.5459024390244","68.7760243902439","68.855512195122","68.9978048780488","69.2877073170732","69.5606097560976","69.6791219512195","69.4048780487805","69.9560975609756","70.0585365853659","70.1073170731707","70.1585365853659","70.3258536585366","70.3229268292683","70.4048780487805","70.6073170731707","70.9609756097561","71.6634146341463","71.7658536585366","71.9658536585366","72.1170731707317","72.2658536585366","72.4321951219512","72.4321951219512","72.5707317073171","72.5707317073171","72.8824390243903","72.9673170731707","73.2668292682927","73.8634146341464","74.0170731707317","74.1943902439024","74.3531707317073","74.3948780487805","74.5146341463415","74.4163414634146","74.2358536585366","74.1770731707317","73.680243902439","73.5146341463415","73.4121951219512","73.7890243902439","",
"Malawi","MWI","Life expectancy at birth, total (years)","SP.DYN.LE00.IN","34.986","35.23","35.449","35.643","35.681","35.74","35.831","35.941","36.085","36.301","36.638","37.095","37.608","38.355","39.197","40.079","41.022","41.979","43.002","43.703","44.331","44.72","44.84","44.974","44.807","44.568","44.298","43.902","43.569","43.515","43.575","43.54","43.636","43.648","43.8","43.804","44.005","44.2","44.3","45.06","46.17","47.205","48.176","49.601","51.073","52.469","53.652","54.687","55.715","56.714","57.787","58.859","59.87","60.816","61.651","62.324","63.163","63.914","64.464","64.995","65.216","64.782","66.037","67.353","67.561","",
"Malaysia","MYS","Life expectancy at birth, total (years)","SP.DYN.LE00.IN","57.168","58.015","58.855","59.667","60.448","61.144","61.679","62.044","62.443","62.868","63.298","63.77","64.232","64.725","65.204","65.697","66.233","66.72","67.17","67.607","68.061","68.461","68.876","69.205","69.551","69.863","70.133","70.351","70.551","70.759","70.952","71.219","71.483","71.721","71.865","71.979","72.119","72.296","72.385","72.428","72.732","73.08","73.469","73.727","74.027","74.37","74.697","74.961","75.151","75.269","75.376","75.488","75.552","75.464","75.345","75.288","75.371","75.542","75.734","75.9","76.057","73.917","75.444","76.657","76.821","",
"North America","NAC","Life expectancy at birth, total (years)","SP.DYN.LE00.IN","69.8928809447431","70.3674111103082","70.2322004358455","70.0498732749243","70.3125870410997","70.3664482428266","70.3774745800766","70.7137220587","70.1757231439513","70.6941667067473","70.9850542794544","71.2906105325876","71.325889782303","71.5291863757895","72.0793243629389","72.6932766943585","72.9528469578295","73.3490323734962","73.4698455920373","73.9076174873992","73.7548645377218","74.1547309404066","74.4941013567384","74.6194447243444","74.7363519363636","74.7359434817121","74.7956281535059","74.9636321926897","74.9722477585484","75.2265211544613","75.4361985040414","75.5878135699287","75.837971168818","75.6464787218972","75.8429823471392","75.8554630666128","76.2440970663799","76.6253579363396","76.7819490135195","76.8047860395782","76.8850332429286","77.0883485337654","77.1919358768587","77.3002796759891","77.7343375427686","77.7462382909607","77.9690402937581","78.2395331531403","78.3038592516027","78.6547128363776","78.8169547045614","78.9234323511493","79.0322253270364","79.0411295925553","79.135655352291","79.0036254654542","78.8800103845064","78.868288279967","78.960276789842","79.1328897249464","77.4492825889982","76.8590190564362","77.817206254568","78.7304513464606","79.2390403034254","",
"Namibia","NAM","Life expectancy at birth, total (years)","SP.DYN.LE00.IN","48.529","49.242","49.972","50.641","51.349","51.997","52.301","52.933","53.553","54.126","54.686","55.289","55.845","56.422","56.943","57.55","58.041","58.586","59.111","59.519","56.572","56.912","57.335","57.637","58.097","58.472","58.725","59.123","59.033","60.773","61.359","60.833","60.16","59.26","58.441","57.518","56.639","55.844","54.767","53.983","52.946","51.98","51.988","51.918","52.175","52.557","53.183","54.026","54.74","55.347","56.093","56.647","57.733","58.468","59.311","60.008","60.81","61.661","62.579","63.546","64.071","60.85","64.19","67.385","67.516","",
"New Caledonia","NCL","Life expectancy at birth, total (years)","SP.DYN.LE00.IN","52.341","53.068","53.795","54.531","55.287","56.066","56.871","57.688","58.503","59.3","60.057","60.785","61.413","62.1","62.69","63.239","63.751","64.236","64.702","65.154","65.601","65.987","66.51","66.972","67.419","67.843","68.239","68.597","68.92","69.221","69.526","69.82","70.143","70.504","70.897","71.314","71.75","72.204","72.677","73.141","73.574","73.958","74.278","74.5","74.713","74.867","75.016","75.181","75.398","75.676","75.992","76.315","76.615","76.867","77.053","77.206","77.359","77.504","77.557","77.262","77.049","77.113","77.698","78.766","78.921","",
"Niger","NER","Life expectancy at birth, total (years)","SP.DYN.LE00.IN","36.193","36.287","36.319","36.437","36.464","36.404","36.331","36.243","36.128","36.003","35.919","35.294","35.813","35.938","36.195","36.568","37.101","37.689","38.267","38.889","39.344","39.637","39.844","39.979","39.989","40.12","40.251","40.468","40.791","41.188","41.732","42.289","43.064","43.838","44.586","45.504","46.313","47.097","47.807","48.48","49.172","49.872","50.645","51.545","52.402","53.32","54.223","55.063","55.852","56.487","57.08","57.6","57.987","58.364","58.693","58.85","59.228","59.524","59.765","60.031","59.89","59.542","60.398","61.183","61.433","",
"Nigeria","NGA","Life expectancy at birth, total (years)","SP.DYN.LE00.IN","37.207","37.427","37.606","37.806","37.98","38.221","38.355","37.497","38.642","38.946","40.008","40.606","41.273","41.831","42.489","43.054","44.186","44.847","45.348","45.738","45.959","46.309","46.437","46.442","46.339","46.193","45.953","45.89","45.834","45.83","45.733","45.483","45.587","45.783","45.748","45.87","45.833","45.96","46.148","46.609","47.143","47.549","48.02","48.618","49.148","49.538","49.876","50.381","50.748","51.08","51.315","51.49","51.688","51.827","51.94","51.939","52.189","52.397","52.669","53.009","53.072","53.455","54.079","54.462","54.635","",
"Nicaragua","NIC","Life expectancy at birth, total (years)","SP.DYN.LE00.IN","46.399","47.289","47.981","48.752","49.586","50.647","51.579","52.348","52.865","53.35","53.815","54.219","47.957","55.023","55.401","55.774","56.118","56.126","53.533","50.828","57.953","58.278","58.685","56.851","56.126","56.4","57.558","57.329","59.833","61.884","62.473","63.31","63.672","64.093","64.549","64.869","65.215","65.523","64.111","65.892","66.36","67.028","67.95","68.749","69.51","70.374","70.958","71.197","71.404","71.499","71.761","72.033","72.435","72.551","72.792","72.899","73.18","73.389","73.879","73.764","70.766","70.478","74.463","74.947","75.1","",
"Netherlands","NLD","Life expectancy at birth, total (years)","SP.DYN.LE00.IN","73.3926829268293","73.6526829268293","73.3239024390244","73.3370731707317","73.7041463414634","73.5687804878049","73.5129268292683","73.8041463414634","73.6126829268293","73.539512195122","73.5856097560976","73.809512195122","73.7270731707317","74.1439024390244","74.5368292682927","74.4987804878049","74.6470731707317","75.2214634146342","75.1451219512195","75.6060975609756","75.7431707317073","75.9343902439025","75.9885365853659","76.1641463414634","76.2331707317073","76.2846341463415","76.2704878048781","76.7051219512195","76.890243902439","76.7341463414634","76.8780487804878","77","77.2170731707317","76.9165853658537","77.3751219512195","77.4046341463415","77.4356097560976","77.7943902439024","77.8829268292683","77.8365853658537","77.9878048780488","78.190243902439","78.2926829268293","78.4926829268293","79.0951219512195","79.3463414634146","79.6975609756098","80.0975609756098","80.2512195121951","80.5487804878049","80.7024390243902","81.2048780487805","81.1048780487805","81.3048780487805","81.7073170731707","81.509756097561","81.5609756097561","81.7609756097561","81.8121951219512","82.1121951219512","81.3585365853659","81.309756097561","81.6146341463415","81.8634146341464","81.9658536585366","",
"Norway","NOR","Life expectancy at birth, total (years)","SP.DYN.LE00.IN","73.549756097561","73.5504878048781","73.4480487804878","73.0775609756098","73.5958536585366","73.7231707317073","73.9953658536585","74.0665853658537","73.9419512195122","73.6634146341463","74.0880487804878","74.1792682926829","74.3446341463415","74.4421951219512","74.7536585365854","74.8175609756098","75.039512195122","75.3868292682927","75.4185365853659","75.4139024390244","75.6717073170732","75.8690243902439","76.0109756097561","76.0668292682927","76.2243902439024","75.9168292682927","76.2412195121951","76.0817073170732","76.2204878048781","76.500487804878","76.5373170731707","76.9807317073171","77.1843902439025","77.1517073170732","77.689756097561","77.7365853658537","78.1504878048781","78.1426829268293","78.3292682926829","78.2829268292683","78.6341463414634","78.7853658536585","78.9878048780488","79.390243902439","79.8414634146342","80.0414634146342","80.3439024390244","80.3951219512195","80.5926829268293","80.7951219512195","80.9975609756098","81.2951219512195","81.4512195121951","81.7512195121951","82.1","82.3048780487805","82.4073170731707","82.609756097561","82.7585365853659","82.9585365853659","83.209756097561","83.1634146341463","82.509756097561","83.0121951219512","83.1609756097561","",
"Nepal","NPL","Life expectancy at birth, total (years)","SP.DYN.LE00.IN","38.652","38.966","39.333","39.608","40.229","40.688","41.239","41.71","42.173","42.722","43.151","43.616","44.068","44.485","44.919","45.499","45.991","46.628","47.202","47.766","48.333","48.662","49.181","49.676","50.227","50.922","51.594","52.382","53.109","54.013","54.771","55.65","56.686","57.597","58.631","59.323","60.044","60.823","61.532","62.035","62.642","63.288","63.507","64.229","64.744","65.275","65.891","66.169","66.442","66.6","66.772","67.123","67.364","67.598","67.812","67.374","68.444","68.74","69.036","69.299","69.106","68.385","70.087","70.354","70.636","",
"Naoero","NRU","Life expectancy at birth, total (years)","SP.DYN.LE00.IN","57.924","58.005","58.023","58.099","58.167","58.255","58.385","58.62","58.633","58.408","58.449","58.427","58.405","58.362","58.31","58.251","58.215","58.144","58.288","58.374","58.471","58.555","58.635","58.694","58.658","58.598","58.591","58.625","58.725","58.9","59.102","59.312","59.518","59.761","59.954","60.063","60.07","59.985","59.86","59.701","59.574","59.482","59.427","59.359","59.346","59.361","59.409","59.49","59.675","59.852","60.074","60.287","60.533","60.701","60.834","60.897","60.996","61.101","61.238","61.393","61.527","61.331","61.93","62.109","62.279","",
"New Zealand","NZL","Life expectancy at birth, total (years)","SP.DYN.LE00.IN","71.2365853658537","70.9853658536585","71.2317073170732","71.280487804878","71.3292682926829","71.2268292682927","71.1243902439025","71.4731707317073","71.1243902439025","71.4731707317073","71.2731707317073","71.7731707317073","71.8292682926829","71.6682926829268","71.9243902439024","72.219512195122","72.4219512195122","72.1682926829268","73.019512195122","73.0682926829269","72.8292682926829","73.6219512195122","73.7243902439024","73.7756097560976","74.3707317073171","73.8292682926829","74.1219512195122","74.1780487804878","74.4243902439024","74.8243902439024","75.3780487804878","76.0317073170732","76.1243902439025","76.4341463414634","76.8829268292683","76.7341463414634","76.7878048780488","77.3341463414634","78.0853658536585","77.890243902439","78.6365853658537","78.6926829268293","78.8463414634146","79.1463414634146","79.5487804878049","79.8512195121951","80.0487804878049","80.1512195121951","80.3512195121951","80.7024390243902","80.9048780487805","81.1560975609756","81.4073170731707","81.4048780487805","81.4568292682927","81.6124390243903","81.6585365853659","81.8585365853659","81.7073170731707","82.0560975609756","82.2560975609756","82.2073170731707","81.9585365853658","81.7585365853659","82.009756097561","",
"OECD members","OED","Life expectancy at birth, total (years)","SP.DYN.LE00.IN","67.214675804737","67.6239161043531","67.634730644146","67.8322296440742","68.2408325847987","68.3636268247411","68.5822045163458","69.025105031354","68.8914030370739","69.0385118621778","69.3365985983267","69.6364527131522","69.9184179691612","70.0952045478606","70.4973625348169","70.8130519668422","71.1195410157041","71.5352131238266","71.7226081084638","72.0878760519218","72.152259840394","72.5185547374403","72.868508853242","73.0046213132604","73.2977077375509","73.3462328831744","73.6956598540525","73.9828600223715","74.1284019607245","74.3750880767806","74.538567072286","74.7215702802414","74.9803149628922","75.0829574190709","75.3716055852652","75.4722903820899","75.8475207335284","76.179185888832","76.3849265675108","76.4944403452378","76.8195165967813","77.1207466135963","77.2833606924084","77.4260355491099","77.8261405899935","77.953987145508","78.2501352258837","78.4729454763552","78.6146332445559","78.8670589595977","79.0473008520596","79.2685938676768","79.429885982955","79.6249265687692","79.876650819389","79.7619467978058","79.8914217482034","79.9309175598336","80.0273651713987","80.2449221878264","78.9578582698334","78.5867205183939","79.5170877696899","80.1629734061989","80.3985705098059","",
"Oman","OMN","Life expectancy at birth, total (years)","SP.DYN.LE00.IN","35.429","36.386","37.413","38.498","39.628","40.791","41.975","43.177","44.395","45.624","46.64","47.868","48.717","49.964","51.228","52.511","54.448","55.524","57.037","58.328","59.601","60.802","62.049","63.192","64.272","65.281","66.168","66.979","67.718","68.393","69.012","69.584","70.114","70.608","71.072","71.56","72.023","72.463","72.882","73.276","73.643","73.979","74.276","74.521","74.82","75.07","75.354","75.596","76.124","76.631","77.184","77.74","78.187","78.633","79.03","79.346","79.581","79.748","79.864","79.946","77.763","75.969","77.911","80.031","80.246","",
"Other small states","OSS","Life expectancy at birth, total (years)","SP.DYN.LE00.IN","57.3246011555205","57.7577598444902","58.1741626013736","58.1155622199942","58.6037919634521","59.3300542658213","59.5359347141302","59.7749511158881","59.9537700201021","60.1471892722958","60.5214761075053","60.7453202074203","60.9768371384053","61.3380750180236","59.8467563322778","60.3488722806292","60.6333722123236","60.7796533206685","60.748617166034","61.0748824858755","61.9013466490488","62.156949190062","62.5909352102746","62.763713174576","63.2256221043334","63.4782035877973","63.8199486245255","64.2525039136168","64.4049864822448","65.130828157496","65.0247123780379","65.0261916750851","64.9885654346304","64.9694843018552","64.7556285715004","64.8449297144334","65.1970463137825","65.1946385702487","65.0252157448601","65.1053065248799","66.4385365444731","66.6129499326785","66.8105993387088","67.0073081269231","67.2249688020829","67.5574840535073","67.8310957913256","68.1699901591828","68.5798272966725","69.0687004196222","69.566524844548","69.9373436903887","70.3920318149408","70.8040790092001","71.0941610047193","71.4757935597765","71.7707341897413","72.1178742995091","72.4217850423792","72.6570116424877","72.5097097789427","71.7699719301416","72.9062214171014","73.5849815358082","73.8137960223999","",
"Pakistan","PAK","Life expectancy at birth, total (years)","SP.DYN.LE00.IN","44.101","44.956","45.85","46.761","47.831","48.495","49.797","50.763","51.624","52.316","52.943","49.002","53.824","54.09","54.266","54.722","55.069","55.482","56.072","56.614","57.199","57.764","58.291","58.663","58.921","59.075","59.167","59.222","59.36","59.528","59.728","59.864","59.983","60.083","60.197","60.273","60.466","60.623","61.134","61.54","61.903","62.241","62.556","62.834","63.097","62.416","63.624","63.807","64.002","64.206","64.378","64.659","64.883","65.129","65.374","65.641","65.943","66.223","66.481","66.729","65.701","65.773","67.417","67.649","67.799","",
"Panama","PAN","Life expectancy at birth, total (years)","SP.DYN.LE00.IN","60.278","60.914","61.428","61.814","62.101","62.337","62.629","62.887","63.242","63.66","64.068","64.666","65.183","65.783","66.552","67.243","67.794","68.252","68.687","69.09","69.451","69.79","69.9","70.133","70.403","70.544","70.669","70.811","70.945","70.137","71.266","71.331","71.461","71.805","71.943","71.994","72.199","72.541","72.785","73.124","73.443","73.82","74.195","74.567","74.845","75.16","75.429","75.675","75.937","76.228","76.417","76.659","76.877","77.129","77.365","77.583","77.772","77.901","78.266","78.514","76.33","77.004","79.324","79.594","79.775","",
"Peru","PER","Life expectancy at birth, total (years)","SP.DYN.LE00.IN","50.597","51.192","51.532","52.597","53.302","53.871","54.4","54.893","55.384","55.816","47.728","56.493","56.989","57.333","57.769","58.205","58.57","58.895","59.261","59.624","59.982","60.325","60.559","60.764","61.066","61.71","62.154","62.544","62.995","63.405","63.979","64.248","65.031","65.732","66.544","67.22","67.85","68.324","68.724","69.302","69.821","70.315","70.815","71.278","71.447","71.988","72.337","72.746","72.743","72.631","72.886","73.327","73.979","74.591","75.26","75.732","75.951","75.958","76.018","76.275","73.832","71.596","76.834","77.74","77.941","",
"Philippines","PHL","Life expectancy at birth, total (years)","SP.DYN.LE00.IN","59.175","59.469","59.755","60.018","60.13","60.41","60.623","60.804","60.917","60.981","60.827","61.065","60.911","60.741","60.816","60.904","60.869","61.431","61.531","61.727","61.884","61.942","62.175","62.349","62.426","62.735","62.875","63.299","63.711","64.105","64.382","64.622","65.353","65.661","66","66.311","66.691","66.994","67.212","67.503","67.789","67.829","67.886","68.049","68.301","68.423","68.172","68.549","68.643","68.631","68.883","69.096","69.237","69.283","69.311","69.45","69.49","69.966","69.761","69.68","70.097","66.675","69.472","69.833","69.946","",
"Palau","PLW","Life expectancy at birth, total (years)","SP.DYN.LE00.IN","54.853","55.092","55.378","55.567","55.795","55.938","56.212","56.54","56.886","57.253","57.674","58.108","58.557","59.024","59.492","59.998","60.469","60.899","61.294","61.616","61.909","62.142","62.333","62.477","62.638","62.72","62.752","62.771","62.779","62.777","62.79","62.849","62.926","62.98","63.104","63.255","63.455","63.707","63.951","64.23","64.499","64.8","65.076","65.446","65.816","66.219","66.633","67.113","67.562","67.99","68.347","68.638","68.863","68.981","69.062","69.07","69.046","69.019","68.989","68.982","68.689","68.563","68.922","69.269","69.383","",
"Papua New Guinea","PNG","Life expectancy at birth, total (years)","SP.DYN.LE00.IN","45.805","46.425","46.706","47.674","48.295","48.927","49.566","50.247","50.884","51.523","52.144","52.593","53.25","53.853","54.441","54.984","55.53","56.05","56.523","56.967","57.391","57.76","58.075","58.294","58.583","58.804","59.017","59.232","59.381","59.598","59.778","59.94","60.26","60.466","60.726","60.929","61.071","61.27","60.435","61.505","61.609","61.647","61.643","61.741","61.795","61.868","62.018","62.211","62.511","62.772","63.056","63.382","63.639","63.927","64.198","64.473","64.7","64.923","65.114","65.331","65.075","64.358","65.274","66.134","66.256","",
"Poland","POL","Life expectancy at birth, total (years)","SP.DYN.LE00.IN","67.6804878048781","67.7780487804878","67.4268292682927","68.3756097560976","68.6292682926829","69.4292682926829","69.8268292682927","69.4243902439024","70.219512195122","69.719512195122","69.8682926829268","69.6121951219512","70.6658536585366","70.6634146341463","71.1170731707317","70.5609756097561","70.6560975609756","70.4024390243902","70.3512195121951","70.7512195121951","70.0975609756098","71.0512195121951","71.1024390243903","71","70.8","70.5487804878049","70.8487804878049","70.8975609756098","71.3317073170732","71.0439024390244","70.890243902439","70.5878048780488","71.090243902439","71.5951219512195","71.6951219512195","71.8926829268293","72.2463414634146","72.6463414634146","72.9975609756098","73.0439024390244","73.7487804878049","74.2","74.4975609756098","74.5975609756098","74.8463414634146","74.9951219512195","75.1439024390244","75.2439024390244","75.5439024390244","75.6951219512195","76.2463414634146","76.6951219512195","76.7463414634146","77","77.6024390243903","77.4512195121951","77.8512195121951","77.7536585365854","77.6024390243903","77.9048780487805","76.4","75.3512195121951","77.1560975609756","78.2585365853659","78.409756097561","",
"Pre-demographic dividend","PRE","Life expectancy at birth, total (years)","SP.DYN.LE00.IN","39.8872149694242","40.1557500491627","40.7161322580846","41.06419109333","41.3702452996928","41.6970083264314","42.0771703294889","42.1988278545879","42.7808256994843","43.1216171377743","43.7090182398374","44.1033363129328","44.3438502230983","45.0168296499811","45.4477905445792","45.8419144105759","46.4656486655277","46.9494005279855","47.2157939444145","47.5349826304442","47.6842961893158","47.8404206423583","48.0027522354724","47.8470584570294","47.7169963272612","47.9276244645107","48.5220940173399","48.5296106393045","48.4894728099322","48.9397193525752","48.9307310197861","48.8470953126042","49.0227917779228","49.5774347403617","50.0145764665431","50.1295103227986","50.1537039884381","50.4023801410372","50.3270896350795","51.0367885399355","51.7498417942543","52.2506407628639","52.7410145652031","53.2927125516406","53.7989567605991","54.3650816168261","54.9712541124866","55.550345439484","56.1355264401913","56.509207413095","57.1220509386403","57.3117928365729","58.015496924455","58.4505165351906","58.608641358086","58.9361548123525","59.2361026971089","59.5398409028105","60.207194494983","60.5564155644205","60.5007902438254","60.2743516231876","61.3824217457713","62.1630603690952","62.3537442260657","",
"Puerto Rico (US)","PRI","Life expectancy at birth, total (years)","SP.DYN.LE00.IN","68.627","68.528","68.863","68.727","68.242","69.289","70.223","70.699","70.566","70.511","70.352","71.084","70.813","70.949","71.324","71.963","72.08","72.401","72.528","72.718","73.101","72.981","72.949","73.375","73.427","72.633","73.272","73.402","73.153","72.479","72.827","73.877","73.387","73.309","73.622","73.571","73.995","74.674","74.556","75.278","75.514","75.972","76.819","76.941","76.913","76.703","77.561","77.659","78.111","78.377","78.717","78.766","79.258","80.318","80.039","80.677","80.355","79.07","81.086","81.438","80.009","79.77","79.427","81.69","81.902","",
"Korea, Dem. People's Rep.","PRK","Life expectancy at birth, total (years)","SP.DYN.LE00.IN","55.814","56.408","56.998","57.578","58.17","58.785","59.423","60.087","60.757","61.411","62.049","62.663","63.254","63.816","64.335","64.831","65.325","65.811","66.292","66.748","67.208","67.657","68.09","68.503","68.881","69.231","69.541","69.767","70.052","70.269","70.484","70.717","71.009","70.794","70.472","60.766","60.82","60.869","60.887","60.91","60.911","60.893","60.877","69.399","69.294","69.168","69.061","69.021","69.303","69.702","70.246","70.772","71.317","71.867","72.451","72.825","72.971","73.034","73.02","72.928","72.783","73.437","73.641","73.642","73.743","",
"Portugal","PRT","Life expectancy at birth, total (years)","SP.DYN.LE00.IN","64.0074634146342","62.666512195122","64.1810243902439","64.7883902439024","64.9833902439024","65.9604634146341","65.4876585365854","66.3340731707317","66.6781951219512","66.2781707317073","67.0731707317073","66.7707317073171","68.3243902439024","67.5243902439024","68.019512195122","68.309756097561","68.8609756097561","70.0121951219512","70.3170731707317","71.1682926829268","71.2146341463415","71.6146341463415","72.4146341463415","72.2658536585366","72.5146341463415","72.8146341463415","73.2658536585366","73.6658536585366","73.7146341463415","74.2658536585366","73.9658536585366","74.0146341463415","74.3121951219512","74.5121951219512","74.9146341463415","75.3121951219512","75.2609756097561","75.4121951219512","75.7121951219512","75.9634146341463","76.3146341463415","76.8146341463415","77.0658536585366","77.219512195122","77.6707317073171","78.0707317073171","78.419512195122","78.3219512195122","78.5243902439025","78.7268292682927","79.0268292682927","80.4707317073171","80.3731707317073","80.7219512195122","81.1219512195122","81.1243902439025","81.1243902439025","81.4243902439025","81.3243902439024","81.6756097560976","81.3292682926829","81.3780487804878","81.6317073170732","82.3292682926829","82.3829268292683","",
"Paraguay","PRY","Life expectancy at birth, total (years)","SP.DYN.LE00.IN","60.197","60.517","60.816","61.101","61.368","61.606","61.832","62.025","62.208","62.385","62.554","62.726","62.89","63.059","63.231","63.435","63.654","63.86","64.078","64.298","64.553","64.811","65.076","65.293","65.609","65.893","66.172","66.454","66.71","66.922","67.341","67.676","67.961","68.234","68.504","68.778","69.05","69.284","69.507","69.774","70.026","70.281","70.539","70.795","71.054","71.317","71.584","71.817","72.047","72.282","72.551","72.787","73.105","73.292","73.415","73.454","73.487","73.45","73.627","73.668","72.72","68.108","72.319","73.844","73.982","",
"West Bank and Gaza","PSE","Life expectancy at birth, total (years)","SP.DYN.LE00.IN","","","","","","","","","","","","","","","","","","","","","","","","","","","","","","","67.803","68.222","68.478","68.759","69.328","69.583","69.982","70.328","70.564","70.789","70.298","69.75","70.88","70.967","71.094","72.004","71.831","72.064","72.204","72.306","73.302","73.557","73.722","74.14","72.781","74.577","74.917","75.216","75.38","75.811","74.998","73.89","76.662","65.17","69.213","",
"Pacific island small states","PSS","Life expectancy at birth, total (years)","SP.DYN.LE00.IN","54.9327690183309","55.4739194346034","56.0633400443326","56.6347430751547","56.8174632470421","57.8822152586715","58.2811202716708","58.583216013542","59.0753240444586","59.2707784484839","59.7238453421264","60.0905410435044","60.33925414676","60.2171181628336","60.7610584071697","60.9573558684819","61.7153836020704","62.1451428313143","62.6361500980742","62.558034413465","62.7968232016204","62.9126548854131","63.0472054302319","63.5345023789867","63.8161524409801","64.2798024591949","64.2700212799143","64.6139925518575","65.1117846695863","65.4218695734462","65.4079695743484","65.712646615018","65.8184307733139","65.9809205557246","66.2175038703264","66.3962764207464","66.5580295814554","66.6807208082094","66.8765066591632","66.999001761912","66.8914832838297","67.0167243338519","66.7584824574172","66.9599297545214","67.1038169577792","67.2332794133166","67.3577049121232","67.3668379536838","67.5747311016589","67.4527929020498","67.9059171883101","68.0222810195532","67.6660532253593","68.0054625635404","68.0376132124002","68.1166096033138","68.2856508563666","68.519287500513","68.5825887890247","68.6421578303985","68.3568108792759","67.4810209240703","69.1004348993561","69.2745949035856","69.440356940231","",
"Post-demographic dividend","PST","Life expectancy at birth, total (years)","SP.DYN.LE00.IN","68.8399200533406","69.2688281977515","69.2703494749647","69.444966986002","69.8899746188658","69.9655681168664","70.1417541718071","70.5859707055814","70.3989176622243","70.5519226992632","70.8485134676882","71.1394974898806","71.3541322725004","71.5095030685449","71.8692328583235","72.155310229648","72.4149061630142","72.8043725845809","72.9422374499268","73.2767101491464","73.3189938394268","73.6518467661203","73.9750726994584","74.0735190567252","74.358352232478","74.4975404732636","74.7603390194632","75.0383219389569","75.1354402525022","75.3645532807694","75.473991731623","75.6090759076253","75.7166150305185","75.7231520791668","76.0312406656581","76.0734629753437","76.4365491203333","76.7755552244692","76.9698452316562","77.092735203919","77.3513756471438","77.6340698596268","77.771842585777","77.8873480039422","78.3070690267902","78.410884260835","78.7291498117515","78.9805173339684","79.1456240590947","79.4684041481196","79.6785405516336","79.9443824717695","80.088710974095","80.2734408942833","80.5389847887351","80.4400588000625","80.611199448631","80.6648214527058","80.7434751770259","80.9699107710013","80.0657027820539","79.7932796702764","80.1925594478523","80.8342678318764","81.1124065061669","",
"French Polynesia","PYF","Life expectancy at birth, total (years)","SP.DYN.LE00.IN","59.445","59.85","60.201","60.514","60.797","61.069","61.353","61.645","61.931","62.214","62.495","62.782","63.082","63.401","63.778","64.249","64.761","65.31","65.891","66.612","67.405","68.157","68.922","69.702","70.559","71.203","71.967","72.448","73.088","73.494","73.908","74.295","74.746","75.191","75.65","76.243","76.813","77.38","77.842","78.574","79","79.316","79.544","79.71","79.829","79.951","80.1","80.328","80.587","80.867","81.141","81.434","81.695","81.935","82.151","82.339","82.555","82.774","82.985","83.195","82.459","79.571","83.859","84.07","84.192","",
"Qatar","QAT","Life expectancy at birth, total (years)","SP.DYN.LE00.IN","57.773","58.502","59.226","59.96","60.7","61.441","62.171","62.884","63.577","64.246","64.889","65.49","66.07","66.629","67.165","67.679","68.172","68.639","69.083","69.507","69.915","70.313","70.704","71.089","71.465","71.831","72.184","72.52","72.836","73.131","73.405","73.654","73.876","74.071","74.245","74.404","74.558","74.713","74.872","75.048","75.25","75.486","75.766","76.097","76.484","76.909","77.323","77.741","78.262","78.837","79.444","79.994","80.499","80.974","81.395","81.785","82.147","82.458","82.714","82.945","80.409","81.083","81.857","82.368","82.522","",
"Romania","ROU","Life expectancy at birth, total (years)","SP.DYN.LE00.IN","65.8605365853659","65.8771463414634","65.2556585365854","67.0717073170732","67.8451219512195","67.7072682926829","68.8976585365854","67.5159512195122","67.5603658536585","66.6920731707317","67.4824146341464","68.5041463414634","68.470243902439","69.0056097560976","69.499756097561","69.6139024390244","69.6987804878049","69.7419512195122","69.4804878048781","69.1531707317073","69.0909756097561","69.3682926829268","69.5317073170732","69.7263414634147","69.6587804878049","69.7068292682927","69.4963414634146","69.2268292682927","69.3880487804878","69.5307317073171","69.7412195121951","69.7843902439024","69.7843902439024","69.5634146341464","69.509756097561","69.4560975609756","69.1048780487805","69.0048780487805","69.8073170731708","70.5121951219512","71.1634146341463","71.1609756097561","71.009756097561","71.309756097561","71.5609756097561","71.9121951219512","72.1634146341463","72.5658536585366","72.5658536585366","73.309756097561","73.4585365853659","74.409756097561","74.4121951219512","75.0634146341463","74.909756097561","74.9121951219512","75.209756097561","75.209756097561","75.3585365853659","75.6073170731707","74.2536585365854","72.809756097561","75.1536585365854","76.4048780487805","76.4585365853659","",
"Russian Federation","RUS","Life expectancy at birth, total (years)","SP.DYN.LE00.IN","67.5261219512195","67.7827317073171","67.6988536585366","68.2745853658537","68.7147317073171","68.5063902439025","68.5857073170732","68.4269024390244","68.3152926829268","67.9122682926829","68.1336585365854","68.3765853658537","68.3085365853659","68.2946341463415","68.320243902439","67.7239024390244","67.4875609756098","67.3763414634146","67.3909756097561","67.1143902439024","67.0339024390244","67.2639024390244","67.8060975609756","67.6526829268293","67.2026829268293","67.8568292682927","69.389756097561","69.44","69.4643902439024","69.1717073170732","68.8860975609756","68.4743902439024","66.8731707317073","64.9358536585366","64.4670731707317","64.6907317073171","65.8541463414634","66.6987804878049","67.029756097561","65.9821951219512","65.4836585365854","65.3834146341463","65.1287804878049","65.0275609756098","65.4709756097561","65.529756097561","66.7275609756098","67.5868292682927","67.9492682926829","68.6846341463415","68.8412195121951","69.6839024390244","70.0721951219512","70.5787804878049","70.7436585365854","71.1834146341463","71.6512195121951","72.4514634146342","72.6621951219512","73.0839024390244","71.3387804878049","69.900243902439","72.5456097560976","73.2546341463415","73.4404878048781","",
"Rwanda","RWA","Life expectancy at birth, total (years)","SP.DYN.LE00.IN","47.022","47.458","47.802","43.998","48.131","48.203","48.084","47.987","47.731","47.437","47.116","46.755","46.343","45.944","45.566","45.324","45.312","45.579","46.165","47.087","48.122","49.216","50.188","50.944","51.445","51.704","51.706","51.465","50.914","49.485","47.763","46.243","44.397","42.937","12.158","41.518","42.486","41.978","43.099","45.749","47.798","49.49","51.262","53.529","55.52","56.968","58.342","59.504","60.641","61.813","62.804","63.476","64.189","64.651","65.088","65.419","65.733","66.14","66.354","66.691","66.953","66.85","67.528","67.785","68.017","",
"South Asia","SAS","Life expectancy at birth, total (years)","SP.DYN.LE00.IN","45.5847588043855","45.8783720172752","46.2503760431791","46.5383740922089","46.9081118471866","45.8384667855239","46.3047754098716","46.625128808535","48.1648330098961","48.4984203842372","48.1392393573673","46.6849157165649","49.4510270246546","49.8567012037096","50.3588160401222","50.9170029754766","51.4312144791619","51.9303839573028","52.4943779205513","53.0633065883042","53.6107546114151","54.1561519201744","54.6883182010921","55.2088462287673","55.7095935881379","56.1693922205464","56.6763008968854","57.1271988267727","57.5562821301481","57.9676675968098","58.406615379707","58.5496193401874","59.2393230868812","59.6399172274896","60.0784359785787","60.4870544448028","60.9188482954283","61.3682134088457","61.8215419198501","62.2946275399582","62.8036305165364","63.2621106390743","63.7751981046195","64.2408303344517","64.5911610689622","65.131596636791","65.5691020177667","65.9890229742237","66.4314116387286","66.84109704634","67.3525068406787","67.8108394834024","68.2629615309516","68.6853288301062","69.1208563538772","69.5110334122263","69.9184707063298","70.2904723380061","70.6523573971364","70.9975623145981","70.3622206982499","67.8215299767513","72.0115731308447","72.3247648783903","72.5599614464264","",
"Saudi Arabia","SAU","Life expectancy at birth, total (years)","SP.DYN.LE00.IN","45.31","45.88","46.469","47.086","47.732","48.436","49.187","49.994","50.857","51.773","52.729","53.727","54.742","55.765","56.785","57.78","58.782","59.749","60.685","61.518","62.444","63.252","64.008","64.719","65.391","66.027","66.648","67.242","67.814","68.359","68.874","69.341","69.799","70.208","70.587","70.944","71.288","71.624","71.957","72.29","72.607","72.951","73.296","73.657","74.027","74.4","74.762","75.066","75.301","75.447","75.616","75.808","76.09","76.517","77.116","77.776","78.354","78.721","78.75","78.313","77.596","77.089","77.31","78.732","78.982","",
"Sudan","SDN","Life expectancy at birth, total (years)","SP.DYN.LE00.IN","49.566","49.964","50.419","50.816","50.879","51.031","51.253","51.495","51.762","52.04","52.294","52.541","52.803","52.988","53.156","53.31","53.342","53.522","53.29","53.374","54.072","54.369","54.375","49.562","49.807","50.014","54.558","54.747","54.984","54.883","55.497","55.553","55.952","56.102","57.022","57.447","57.638","58.058","58.308","58.607","58.946","59.264","59.308","58.319","56.773","57.226","60.4","61.442","61.261","62.676","62.979","63.181","63.427","63.443","63.99","64.375","64.677","65.146","65.501","65.803","65.124","64.46","65.695","66.331","66.521","",
"Senegal","SEN","Life expectancy at birth, total (years)","SP.DYN.LE00.IN","39.668","39.715","39.738","39.745","39.755","39.761","39.848","39.992","40.15","40.398","40.789","41.243","41.77","42.429","43.104","43.938","44.809","45.714","46.596","47.478","48.294","49.083","49.863","50.811","51.694","52.586","53.718","54.632","55.546","56.209","56.674","57.037","57.287","57.348","57.479","57.336","57.129","57.107","57.076","57.315","57.615","58.158","58.912","59.474","60.308","60.98","61.801","62.653","63.201","63.751","64.221","64.799","65.229","65.638","66.001","66.451","66.724","67.059","67.379","67.668","67.496","66.868","67.788","68.683","68.924","",
"Singapore","SGP","Life expectancy at birth, total (years)","SP.DYN.LE00.IN","65.5621951219512","65.9597073170732","66.3726341463415","66.7795365853659","67.0024146341463","67.2328536585366","67.5478292682927","67.6523902439025","67.9807804878049","68.3339756097561","68.724756097561","69.0002195121951","69.1635609756098","69.5304634146342","69.894512195122","70.405512195122","70.7470487804878","71.0261219512195","71.2835609756098","71.461756097561","72.190243902439","72.5878048780488","72.6878048780488","73.0365853658537","73.290243902439","73.890243902439","74.2463414634146","74.5487804878049","74.6975609756098","74.9463414634146","75.2951219512195","75.6463414634146","75.9463414634146","76.0463414634146","76.1975609756098","76.2951219512195","76.5951219512195","76.8975609756097","77.3","77.5512195121951","77.9512195121951","78.2512195121951","78.5512195121951","79.0390243902439","79.490243902439","79.990243902439","80.1414634146341","80.4414634146342","80.790243902439","81.2414634146342","81.5414634146342","81.7439024390244","81.9951219512195","82.2463414634147","82.4951219512195","82.7439024390244","82.8463414634146","83.0951219512195","83.2975609756098","83.5951219512195","83.5439024390244","83.0926829268293","82.8951219512195","83.0975609756098","83.3463414634146","",
"Solomon Islands","SLB","Life expectancy at birth, total (years)","SP.DYN.LE00.IN","47.683","48.336","49.037","49.815","50.583","51.406","52.256","53.059","54.142","55.099","56.061","57.015","57.913","58.777","59.611","58.404","61.153","61.528","62.536","63.134","63.669","64.077","64.456","64.771","65.049","65.288","64.718","65.683","65.866","66.051","66.194","66.357","66.471","66.558","66.661","66.717","66.739","66.768","66.89","67.001","67.116","67.237","67.35","67.479","67.628","67.79","67.968","67.845","68.336","68.397","68.669","68.824","68.961","69.007","68.984","69.323","69.501","69.652","69.806","69.981","69.258","68.89","70.409","70.528","70.694","",
"Sierra Leone","SLE","Life expectancy at birth, total (years)","SP.DYN.LE00.IN","33.09","33.633","34.155","34.705","35.298","35.93","36.64","37.281","37.761","38.23","38.619","39.104","39.505","39.96","40.412","40.99","41.425","41.826","42.192","42.53","42.839","43.086","43.302","43.455","43.561","43.556","43.502","43.748","43.765","43.741","43.72","43.287","43.451","43.428","42.808","42.579","43.528","43.649","42.714","41.962","44.834","45.448","46.174","46.784","47.485","48.306","49.547","50.024","50.693","51.312","51.927","52.594","53.159","54.051","54.281","55.454","56.937","57.761","59.059","59.593","59.694","60.26","61.275","61.786","61.964","",
"El Salvador","SLV","Life expectancy at birth, total (years)","SP.DYN.LE00.IN","48.292","48.633","49.001","49.38","49.75","50.208","50.672","50.844","50.837","51.279","51.364","51.665","51.956","52.782","52.891","53.422","54.375","54.047","54.709","53.805","48.589","50.889","53.342","54.373","56.571","58.031","59.329","59.402","59.977","61.254","61.981","62.542","62.944","63.998","64.47","64.903","65.48","66.248","66.655","67.285","67.711","67.965","68.526","68.792","69.295","69.336","69.612","69.82","70.138","70.359","70.909","71.192","71.42","71.225","71.144","70.952","70.908","71.007","71.384","71.725","70.244","69.941","71.969","72.099","72.302","",
"San Marino","SMR","Life expectancy at birth, total (years)","SP.DYN.LE00.IN","73.197","73.375","73.531","73.586","73.658","73.723","73.839","73.946","74.062","74.171","74.269","74.404","74.592","74.787","75.052","75.251","75.431","75.643","75.889","76.122","76.371","76.584","76.808","77.011","77.162","77.27","77.377","77.453","77.544","77.647","77.783","77.944","78.133","78.373","78.67","79.031","79.332","79.677","79.918","80.2","80.504","80.803","81.061","81.33","81.592","81.926","82.258","82.605","82.894","83.224","83.464","83.713","83.943","84.175","84.394","84.596","84.775","84.933","85.095","85.257","82.65","83.539","85.708","85.706","85.817","",
"Somalia, Fed. Rep.","SOM","Life expectancy at birth, total (years)","SP.DYN.LE00.IN","43.543","43.667","43.972","44.194","44.393","44.631","44.843","45.051","45.254","45.453","45.644","45.837","46.032","46.224","44.259","44.49","44.727","47.004","47.013","47.405","47.611","47.817","48.02","48.23","48.438","48.279","48.431","49.002","43.933","46.648","46.896","25.418","25.034","50.551","50.303","50.65","50.524","50.278","50.755","50.611","50.747","50.829","50.82","50.721","50.685","50.894","50.915","50.885","51.456","52.101","48.9","32.453","49.138","54.016","54.442","55.056","55.283","52.19","54.767","57.249","57.095","55.703","53.931","58.816","58.967","",
"Serbia","SRB","Life expectancy at birth, total (years)","SP.DYN.LE00.IN","65.5898536585366","66.1841951219512","66.9230487804878","67.2328780487805","67.879","68.6011463414634","69.3070731707317","69.9707317073171","69.9547804878049","69.9095609756098","69.6292926829268","69.6149024390244","69.8716341463415","70.381487804878","71.0062926829268","71.4935853658537","71.7468536585366","71.6648780487805","71.3456829268293","71.0845853658537","70.9969756097561","71.0449268292683","70.9744634146341","71.032512195122","71.0908780487805","71.3633414634146","71.5618292682927","71.7754878048781","71.9700487804878","72.258756097561","72.1552682926829","71.8760487804878","71.5688292682927","71.7946829268293","72.2040243902439","72.6157317073171","72.7948536585366","72.8280975609756","72.1948780487805","69.9271463414634","71.5829268292683","72.2341463414634","72.2853658536585","72.4365853658537","72.6829268292683","72.8341463414634","73.3853658536585","73.6317073170732","73.8853658536585","73.9853658536585","74.3365853658537","74.5365853658537","74.8365853658537","75.1853658536585","75.3365853658537","75.2878048780488","75.6878048780488","75.5390243902439","75.890243902439","75.9365853658537","74.4780487804878","72.780487804878","75.2365853658537","76.1414634146341","75.9682926829268","",
"Sub-Saharan Africa (excluding high income)","SSA","Life expectancy at birth, total (years)","SP.DYN.LE00.IN","41.4263900275352","41.7252617834367","42.2341873095005","42.5134131489498","42.8476792492593","43.1129585243266","43.2191456993906","43.5398905053037","44.0277015058042","44.3043398942821","44.7653186075601","45.0858299387179","45.1751921849504","45.7317702246011","45.9687680436518","46.3210467685459","46.9992837627519","47.4227937626623","47.707513473529","48.1506863797323","48.5384361037039","48.8153737301695","49.0995209262194","48.3770575430042","48.5059801222581","48.8013772687175","49.2083166108566","49.8831083111019","49.8626371312775","50.1461552689904","50.0314347658802","49.9272665472246","49.8960403442591","50.1777388734762","50.115452043783","50.4906160909731","50.4473088660328","50.6198844863416","50.5618852600868","51.002924661408","51.6412613573806","51.9833195606955","52.3538567888642","52.8240910544882","53.3432269082173","53.8903142647049","54.5874922955175","55.2609700981639","55.8852324866472","56.3661066129672","57.1054824459401","57.472012962771","58.2268465604768","58.716889879682","58.9844549293868","59.3975354580919","59.8109397138943","60.1572303772595","60.7658407661798","61.1283093108513","61.1663194682411","60.701952995968","61.855676568586","62.6015210435979","62.8024124096261","",
"South Sudan","SSD","Life expectancy at birth, total (years)","SP.DYN.LE00.IN","28.054","28.278","28.506","28.249","32.458","28.781","25.633","25.858","26.103","25.396","25.632","30.993","31.291","36.277","36.589","36.867","37.092","37.397","37.592","37.805","38.034","38.313","38.677","34.733","31.788","32.36","32.816","20.721","10.989","28.217","28.628","29.185","21.938","22.263","44.858","31.51","32.124","33.068","19.048","44.537","47.591","48.55","49.394","52.324","53.052","53.965","54.653","55.425","56.28","56.848","57.485","57.674","58.241","58.285","45.625","39.757","36.72","35.351","51.905","58.129","57.648","57.047","57.203","57.617","57.738","",
"Sub-Saharan Africa","SSF","Life expectancy at birth, total (years)","SP.DYN.LE00.IN","41.4298887419235","41.7287336393241","42.2375875851933","42.5168097817683","42.851061616964","43.1163456170998","43.2225535310726","43.5433041786027","44.0311217727929","44.3078123683868","44.7688242080293","45.0893747845113","45.1788398630682","45.7353803765767","45.9723917006399","46.3246657561344","47.0028226201489","47.4263006038962","47.7109520289001","48.1540302095526","48.5418535475006","48.8187809473372","49.1026657246553","48.3803753646478","48.5090821624138","48.8043934317486","49.211060856302","49.8857334183292","49.8652660940308","50.1485882902878","50.0338461441483","49.93000144535","49.8987833289639","50.1802046800686","50.1180871731902","50.4933944156576","50.4499440601937","50.6224175104891","50.5644729043157","51.0055525880133","51.6437803457957","51.9857897497051","52.3560404373729","52.8261333445824","53.3453281368772","53.8922539208949","54.589354695264","55.2628174960913","55.8870079518376","56.367784162949","57.107097844285","57.4734640185534","58.2283469511484","58.7182244214244","58.985759679416","59.3988936826923","59.8122443592399","60.1584852136877","60.7668941967258","61.129417043288","61.1676740309985","60.7030048050853","61.8569116778883","62.6027406477464","62.8036817702073","",
"Small states","SST","Life expectancy at birth, total (years)","SP.DYN.LE00.IN","57.9428427174179","58.3708628859276","58.886099310976","59.0139253746901","59.4425202422448","60.0823514450236","60.3250553722639","60.5692100501793","60.7982686012724","60.9909845150376","61.3076956756887","61.5237472166203","61.7485263354406","62.0012122479617","61.2298049170236","61.6081624215837","61.9357697665411","62.1259964339903","62.198646078708","62.4396806469697","63.0023015664447","63.208566296824","63.5128513789948","63.6894763822999","64.0785702762979","64.3273770015488","64.5590631654757","64.903647442077","65.0979559983539","65.6276190934717","65.585573984719","65.6629094328245","65.6862994591054","65.7266880347173","65.6344676001216","65.7224503098331","65.9790280185203","66.018781748514","65.9979318054306","66.1245021369021","66.9881018420458","67.1751397089871","67.320533039585","67.5137796957376","67.7344645790668","68.0184220231352","68.2773677005452","68.5761118394504","68.9208192339965","69.2706797451225","69.6933118913694","70.0014375655617","70.2725959153837","70.6156980246326","70.850031877117","71.1218770493238","71.3735507555474","71.6518752446228","71.8640735615265","72.0009607335469","71.8255552822673","70.7756825891382","72.380297225352","72.9130400157843","73.1115272530592","",
"Sao Tome and Principe","STP","Life expectancy at birth, total (years)","SP.DYN.LE00.IN","43.564","45.193","46.843","48.4","49.739","51.072","52.309","53.449","54.491","55.4","56.267","56.965","57.448","57.896","58.262","58.561","58.782","58.979","59.141","59.273","59.361","59.432","59.533","59.679","59.893","60.139","57.605","60.663","60.808","59.731","60.707","60.792","60.706","60.618","60.552","60.536","60.576","60.648","60.785","60.976","61.207","61.5","61.826","62.158","62.56","62.434","63.041","63.336","63.448","63.669","63.867","64.122","64.505","64.93","65.478","66.023","66.563","67.074","67.602","68.043","67.979","68.026","69.237","69.718","69.905","",
"Suriname","SUR","Life expectancy at birth, total (years)","SP.DYN.LE00.IN","56.595","57.29","58.023","58.496","58.908","59.137","59.232","59.172","59.292","59.394","59.494","59.59","59.685","59.793","59.914","60.035","60.155","60.277","60.401","60.527","60.654","60.795","60.934","61.072","61.211","61.358","61.159","61.314","61.477","61.982","62.088","62.151","62.246","62.382","62.542","62.779","63.079","63.385","63.706","64.035","64.409","64.82","65.274","65.778","66.362","66.997","67.643","68.307","68.873","69.323","69.626","69.82","69.957","70.11","70.33","70.567","70.979","71.247","71.468","71.773","72.321","68.943","73.254","73.631","73.757","",
"Slovak Republic","SVK","Life expectancy at birth, total (years)","SP.DYN.LE00.IN","70.2697804878049","70.7239024390244","70.2702926829268","70.6334146341463","71.0198780487805","70.2352682926829","70.3774390243903","70.9255853658537","70.436756097561","69.7953902439024","69.7125853658537","69.8625609756098","70.2982195121951","70.0213902439024","70.1781707317073","70.3050487804878","70.4631951219512","70.4231219512195","70.4264390243902","70.7447317073171","70.4085365853659","70.6292682926829","70.6890243902439","70.4790243902439","70.7509756097561","70.7346341463415","71.0212195121951","71.0887804878049","71.2078048780488","71.0263414634146","70.9326829268293","70.8829268292683","71.7951219512195","72.4487804878049","72.3","72.2536585365854","72.6536585365854","72.7048780487805","72.5512195121951","72.9024390243902","73.0512195121951","73.4024390243903","73.6048780487805","73.6048780487805","73.9585365853659","73.9048780487805","74.2048780487805","74.2073170731707","74.7048780487805","74.909756097561","75.1121951219512","75.9585365853659","76.109756097561","76.4121951219512","76.8121951219512","76.5634146341463","77.1658536585366","77.1658536585366","77.2658536585366","77.6658536585366","76.8658536585366","74.6146341463415","76.9658536585366","78.119512195122","78.3707317073171","",
"Slovenia","SVN","Life expectancy at birth, total (years)","SP.DYN.LE00.IN","68.9780487804878","68.9780487804878","68.9780487804878","68.6219512195122","68.6634146341463","68.3658536585366","69.0121951219512","69.3658536585366","68.9170731707317","68.3609756097561","68.609756097561","68.8341463414634","69.0585365853659","69.4048780487805","70.1609756097561","70.3585365853659","70.3073170731707","70.5560975609756","70.7024390243902","70.8536585365854","71.1048780487805","71.2048780487805","71.0536585365854","70.5414634146342","70.9024390243903","71.3512195121951","71.8024390243903","72.0024390243902","72.4463414634146","72.7048780487805","73.2048780487805","73.3536585365854","73.3048780487805","73.2536585365854","73.4048780487805","73.9585365853659","74.4585365853658","74.7073170731707","74.8073170731708","75.009756097561","75.4121951219512","75.7585365853659","76.0073170731707","76.8585365853659","77.2073170731707","77.6121951219512","78.0865853658537","78.5609756097561","78.7658536585366","78.9707317073171","79.4219512195122","79.9707317073171","80.1243902439024","80.3219512195122","81.0780487804878","80.7756097560976","81.1756097560976","81.0292682926829","81.3780487804878","81.5292682926829","80.5317073170732","80.6756097560976","81.2829268292683","81.9292682926829","82.2853658536585","",
"Sweden","SWE","Life expectancy at birth, total (years)","SP.DYN.LE00.IN","73.0056097560976","73.4743902439024","73.3504878048781","73.5553658536585","73.7331707317073","73.8617073170732","74.0785365853659","74.1224390243903","73.9729268292683","74.0848780487805","74.6492682926829","74.6239024390244","74.7180487804878","74.8673170731707","74.9804878048781","74.9846341463415","74.9692682926829","75.379756097561","75.4690243902439","75.5241463414634","75.7409756097561","76.0260975609756","76.3273170731707","76.5517073170732","76.8158536585366","76.6678048780488","76.9312195121951","77.0921951219512","76.9792682926829","77.7268292682927","77.5368292682927","77.6668292682927","77.9987804878049","78.0604878048781","78.650243902439","78.7404878048781","78.9590243902439","79.1975609756098","79.3390243902439","79.4414634146342","79.6439024390244","79.7951219512195","79.8463414634146","80.0951219512195","80.4975609756098","80.5463414634146","80.7487804878049","80.9","81.1","81.3512195121951","81.4512195121951","81.8024390243903","81.7048780487805","81.9560975609756","82.2536585365854","82.2048780487805","82.3073170731707","82.409756097561","82.5585365853659","83.109756097561","82.3560975609756","83.0560975609756","83.0585365853659","83.309756097561","84.0634146341463","",
"Eswatini","SWZ","Life expectancy at birth, total (years)","SP.DYN.LE00.IN","46.389","46.75","47.145","47.471","47.922","48.431","48.99","49.526","50.084","50.641","51.208","51.779","52.352","52.99","53.656","54.399","55.172","55.973","56.785","57.536","58.227","58.788","59.467","58.418","60.439","61.165","61.598","61.899","61.934","61.669","61.167","60.392","59.284","58.092","56.643","55.08","53.296","51.699","50.066","48.808","47.627","46.344","45.38","44.632","43.906","43.958","44.563","45.16","45.853","46.913","48.331","49.057","50.714","52.11","53.491","54.941","56.228","57.574","58.707","59.85","59.862","58.228","63.028","64.123","64.264","",
"Sint Maarten (Dutch part)","SXM","Life expectancy at birth, total (years)","SP.DYN.LE00.IN","66.351","66.678","67.054","67.467","67.782","68.048","68.505","69.024","69.551","70.208","70.856","71.309","71.729","72.061","72.243","72.308","72.276","72.133","71.971","71.839","71.79","71.864","72.01","72.146","72.28","72.385","72.436","72.435","72.456","72.441","72.414","72.384","72.402","72.462","72.597","72.849","73.188","73.551","73.9","74.222","74.409","74.525","74.585","74.588","74.618","74.681","74.779","74.812","74.852","74.796","74.821","74.868","75.125","75.391","75.735","75.899","75.952","75.455","75.693","75.68","75.002","74.505","76.18","76.371","76.528","",
"Seychelles","SYC","Life expectancy at birth, total (years)","SP.DYN.LE00.IN","60.5314390243903","60.6061219512195","60.6882926829268","60.936756097561","61.1964146341464","61.4950975609756","61.727","62.1034634146342","62.6659512195122","63.2811219512195","63.992243902439","64.6586097560976","65.3703902439024","65.9660487804878","66.4828780487805","66.9132195121951","67.2967073170732","67.6752195121951","68.0320731707317","68.3445853658537","69.5975609756098","70.1878048780488","69.3243902439024","70.3829268292683","69.5536585365854","69.6975609756098","68.6560975609756","68.2365853658537","68.7024390243902","67.9707317073171","68.1073170731707","70.7121951219512","71.2146341463415","69.4682926829268","70.7292682926829","72.4829268292683","71.5609756097561","71.2121951219512","71.7463414634146","72.6682926829268","72.7780487804878","73.2536585365854","71.0878048780488","71.0292682926829","72.6609756097561","72.1317073170732","72.2170731707317","73.1439024390244","73.1634146341463","73.0829268292683","73.1975609756098","72.7243902439024","74.2756097560976","73.119512195122","73.2292682926829","74.2951219512195","74.309756097561","74.3","72.8414634146341","74.0463414634146","77.2365853658537","73.3975609756097","74.509756097561","75.419512195122","76.2951219512195","",
"Syrian Arab Republic","SYR","Life expectancy at birth, total (years)","SP.DYN.LE00.IN","52.723","53.652","54.569","55.394","56.17","56.901","57.55","58.045","59.118","59.844","60.608","61.334","61.969","60.826","63.441","64.187","64.844","65.398","65.932","66.244","66.545","64.598","60.839","67.35","67.723","68.048","68.415","68.797","69.172","69.486","69.83","70.075","70.243","70.309","70.296","70.209","70.156","70.158","70.237","70.507","70.856","71.296","71.742","72.188","72.494","72.797","73.04","73.256","73.368","73.496","73.542","72.259","66.206","65.146","65.492","63.265","65.19","65.651","67.371","70.97","71.944","72.418","72.79","72.12","72.56","",
"Turks and Caicos Islands","TCA","Life expectancy at birth, total (years)","SP.DYN.LE00.IN","56.292","57.087","57.742","58.426","59.119","59.806","60.441","61.039","61.586","62.135","62.689","63.256","63.76","64.228","64.731","65.201","65.607","66.025","66.432","66.772","67.108","67.439","67.747","68.069","68.386","68.669","68.99","69.3","69.619","69.916","70.218","70.54","70.887","71.194","71.575","71.948","72.328","72.713","73.113","73.531","73.972","74.409","74.843","75.262","75.63","75.954","76.197","76.427","76.084","76.672","76.784","76.87","76.969","77.1","77.212","77.321","77.437","77.505","77.596","77.691","77.499","77.234","77.918","78.008","78.181","",
"Chad","TCD","Life expectancy at birth, total (years)","SP.DYN.LE00.IN","39.216","39.421","39.608","39.893","40.12","40.05","40.089","40.393","40.702","41.019","41.386","40.869","41.922","42.399","42.601","42.736","42.687","42.884","43.017","43.239","43.452","43.497","43.91","44.446","44.732","45.315","45.598","43.071","46.352","46.434","45.074","46.596","46.777","47.002","47.08","47.453","47.551","47.762","47.802","47.934","47.937","48.306","48.36","48.609","48.687","48.86","48.747","49.21","49.503","49.828","50.107","50.426","50.765","51.051","51.141","51.32","51.603","51.875","52.447","52.993","53.082","53.136","54.528","55.069","55.238","",
"East Asia & Pacific (IDA & IBRD countries)","TEA","Life expectancy at birth, total (years)","SP.DYN.LE00.IN","37.6087627658498","42.8910858220991","51.0883378832305","51.6887104308907","52.3384197593711","52.1687874308125","53.31083747888","54.2096539770638","54.7509307707098","55.5489147723591","56.2414919355644","57.0542179232734","57.6393408909489","58.5512779580457","59.1691881450862","59.9202862367276","60.2891742701396","61.3548956813247","61.9489305698585","62.6296880332687","63.1567595252831","63.6459429118303","64.1221435033479","64.6034816651287","65.0348840568245","65.4345332481052","65.7880180578551","66.1705125087584","66.515794255539","66.8586401713104","67.1059418173639","67.5238103908208","67.9602940182907","68.3913925018719","68.6976175849428","69.1413699380372","69.5404594603161","69.9134519791432","70.2501544733824","70.5482866109716","70.8650826611101","71.2077369930428","71.534352902059","71.8352733706059","71.8921244592524","72.440234089532","72.698344733116","73.0450331089394","72.9707321912267","73.5161019563418","73.8065980873171","74.0266932049917","74.2971126258118","74.5190033698096","74.7479822020749","74.9777768374826","75.1832269955477","75.2671640185859","75.6101241544348","75.8042877234534","75.7338497054699","75.3009806060199","75.9610347461336","75.9085643603807","75.9869566179365","",
"Europe & Central Asia (IDA & IBRD countries)","TEC","Life expectancy at birth, total (years)","SP.DYN.LE00.IN","64.6948240295585","65.0438036251281","65.0634161039034","65.6588240243603","66.0672103981541","66.1746444030676","66.4002638960943","66.2930666091623","66.3857171322382","66.1722087153772","66.4026110987184","66.6062001744813","66.7942177106636","66.9142375065298","67.0679069545252","66.8440383028179","66.8457492582921","66.8715086361121","66.9472196065496","66.9470924162491","66.967567870426","67.2732999387599","67.6068905801956","67.6618334689232","67.5868614422314","68.0176523371558","68.7805592937024","68.9178630002717","68.923100412588","69.0030726912282","68.8738472388555","68.6301496300886","67.7190874221605","66.9975364612732","66.967721554268","67.1259517928607","67.6689839886607","68.1346709972974","68.476548332671","68.1082557500204","68.3665797468115","68.5080250387666","68.5629095629382","68.6968166323048","69.0029078332647","69.1399718973032","69.6987479861711","70.1803431982885","70.5451641405676","71.0832338433596","71.4358973425353","71.9266644042886","72.3336150257883","72.7942035795041","73.0389491798356","73.3408132950813","73.6902109808947","74.1318681774556","74.2976622013592","74.590946255432","73.1492512511888","72.1506406826172","74.1883654842503","74.6977324805541","74.965455732724","",
"Togo","TGO","Life expectancy at birth, total (years)","SP.DYN.LE00.IN","43.536","43.746","44.001","44.274","44.6","44.917","45.228","45.615","46.022","46.354","46.782","47.232","47.692","48.138","48.593","49.046","49.509","50.163","50.902","51.515","52.146","52.781","53.273","53.772","54.101","54.372","54.624","54.831","54.911","54.742","54.566","54.263","54.084","53.858","53.731","53.708","53.829","53.855","53.963","54.318","54.587","54.757","55.044","55.312","55.608","55.931","56.154","56.395","56.663","56.94","57.24","57.624","57.953","58.356","58.776","59.23","59.677","60.145","60.608","61.061","61.14","61.337","62.292","62.74","62.935","",
"Thailand","THA","Life expectancy at birth, total (years)","SP.DYN.LE00.IN","50.608","51.065","51.444","51.988","52.539","53.131","53.729","54.316","54.977","55.705","56.47","57.1","57.746","58.323","59.031","59.713","60.371","60.906","61.266","61.696","62.186","62.856","63.603","64.5","65.55","66.543","67.308","67.833","68.194","68.557","68.924","69.132","69.353","69.568","69.661","69.757","69.94","70.362","70.703","70.979","71.205","71.52","71.775","72.101","72.1","72.894","73.341","73.779","74.221","74.669","75.012","75.302","75.59","75.96","76.279","76.563","76.769","76.989","77.19","77.197","77.331","77.606","75.291","76.412","76.564","",
"Tajikistan","TJK","Life expectancy at birth, total (years)","SP.DYN.LE00.IN","52.535","52.944","53.374","53.791","54.224","54.655","55.079","55.497","55.89","56.262","56.589","56.884","57.157","57.418","57.651","57.88","58.076","58.244","58.396","58.523","58.632","58.758","60.161","60.46","60.69","60.973","61.83","61.582","61.839","61.736","61.636","61.679","57.085","55.512","60.093","61.389","60.806","61.928","62.404","63.114","63.542","64.197","64.898","65.874","66.604","66.531","66.997","67.405","67.924","68.248","68.37","68.698","69.13","69.579","69.697","69.665","69.982","70.524","70.737","70.962","68.605","69.594","71.562","71.79","71.927","",
"Turkmenistan","TKM","Life expectancy at birth, total (years)","SP.DYN.LE00.IN","52.149","52.51","52.868","53.228","53.595","53.986","54.403","54.837","55.274","55.69","56.045","56.349","56.603","56.836","57.04","57.241","57.449","57.689","58.279","59.12","60.181","60.983","61.577","61.988","62.364","62.803","63.212","63.531","63.699","63.782","63.867","63.842","63.753","63.586","63.515","63.514","63.538","63.667","63.966","64.475","64.931","65.325","65.593","65.854","66.055","66.275","66.574","67.02","67.584","68.155","68.608","68.87","68.961","68.968","69.001","69.061","69.142","69.19","69.272","69.405","68.846","69.353","69.913","70.073","70.201","",
"Latin America & the Caribbean (IDA & IBRD countries)","TLA","Life expectancy at birth, total (years)","SP.DYN.LE00.IN","54.6237085193975","55.1363024542024","55.5675547239002","55.995315866524","56.4236324944455","56.8662411157393","57.3875571829013","57.8107219559415","58.1390275513471","58.4343913931253","58.4817746121117","59.3291335206113","59.7683128893455","60.2358760845068","60.6517494551239","61.2132194951468","61.5676060333154","62.1678462793967","62.596503998235","62.9439421052639","63.2976205577304","63.7212920606903","64.0422301955847","64.6036008444099","64.9849732670039","65.195270981529","65.8553153971701","66.2164162447607","66.5902292868949","66.9557980877174","67.2980432149088","67.6211130708918","67.9012759219107","68.2498924640737","68.6306176493055","69.025435617002","69.4079548533645","69.8050183106203","70.0034671535312","70.394156669931","70.7184102333167","70.9952366364032","71.4081069056409","71.7199407794109","72.0585594152496","72.4275917225936","72.7029489273067","72.9337716205704","73.133810817189","73.3248238756312","73.2840381673624","73.8112572375492","74.0531427389642","74.2726524054357","74.4642031483392","74.6505904118153","74.5894794269073","74.7614101353626","74.9760978010797","75.1319711493442","73.0747493617473","71.7449274626405","74.5684293540859","75.5699258379688","75.7447305457286","",
"Timor-Leste","TLS","Life expectancy at birth, total (years)","SP.DYN.LE00.IN","32.402","32.801","33.221","33.665","34.147","34.653","35.174","35.703","36.241","36.802","37.362","37.909","38.443","38.966","36.454","24.314","25.863","24.875","22.933","24.172","30.196","31.247","32.247","32.694","34.468","34.342","34.764","35.974","36.047","44.795","45.185","45.076","46.19","47.008","47.861","47.543","48.26","48.968","48.583","45.246","58.097","58.772","59.477","60.13","60.743","61.272","61.881","62.396","62.858","63.265","63.66","64.022","64.384","64.719","65.027","65.326","65.61","65.898","66.204","66.496","66.919","66.199","67.368","67.689","67.904","",
"Middle East, North Africa, Afghanistan & Pakistan (IDA & IBRD)","TMN","Life expectancy at birth, total (years)","SP.DYN.LE00.IN","43.4132691936275","44.1901236960878","44.6818278051315","45.7147486310035","46.4765810322621","47.0827464675414","47.8638222252998","48.5220142283659","49.1206749502756","49.8104905207651","50.4288464604734","49.7207505731107","51.5964140713434","52.0852184715503","52.6754004537141","53.241892897475","53.7369267532141","54.6943820299513","55.1315666869342","56.0270274264862","56.5268479659775","56.8378946741224","57.2532226400129","58.3124515698044","58.9549368285972","59.5039633453074","60.1307379648158","60.6506835404093","61.0276496492712","61.7427304403537","61.8297161964841","62.6362276004953","63.089753921278","63.4463230673086","63.5925284748733","63.8697421757794","64.1739479085054","64.4229011265335","64.7871175627443","65.2399180377491","65.6072409047927","65.9712698137957","66.3239554028688","66.4165076290855","66.8602521893277","66.8201250398649","67.3526959987589","67.6216572647968","67.9635063066435","68.2479599816693","68.4594967501144","68.6299635824863","68.6578262057094","68.8786484698568","69.147274936726","69.2515348606398","69.4961826399098","69.7772409464567","70.0368444388331","70.3800917806817","69.0090964026373","68.8931032282321","70.965432550888","71.3194560888195","71.5035205544959","",
"Tonga","TON","Life expectancy at birth, total (years)","SP.DYN.LE00.IN","58.315","58.757","59.298","59.77","60.251","60.72","61.21","61.692","62.161","62.696","63.182","63.607","64.061","64.389","64.825","65.122","65.418","65.625","65.854","66.039","66.186","66.357","66.327","66.652","66.806","66.928","67.058","67.189","67.321","67.445","67.539","67.749","67.927","68.157","68.371","68.592","68.803","69.012","69.224","69.431","69.635","69.8","70.03","70.228","70.433","70.56","70.71","70.887","71.041","70.949","71.319","71.437","71.546","71.65","71.721","71.851","71.951","72.066","72.169","72.292","72.379","72.13","72.635","72.895","73.07","",
"South Asia (IDA & IBRD)","TSA","Life expectancy at birth, total (years)","SP.DYN.LE00.IN","45.5847588043855","45.8783720172752","46.2503760431791","46.5383740922089","46.9081118471866","45.8384667855239","46.3047754098716","46.625128808535","48.1648330098961","48.4984203842372","48.1392393573673","46.6849157165649","49.4510270246545","49.8567012037096","50.3588160401222","50.9170029754766","51.4312144791619","51.9303839573028","52.4943779205513","53.0633065883042","53.6107546114151","54.1561519201744","54.6883182010921","55.2088462287673","55.7095935881379","56.1693922205464","56.6763008968854","57.1271988267727","57.5562821301481","57.9676675968098","58.406615379707","58.5496193401874","59.2393230868812","59.6399172274896","60.0784359785787","60.4870544448028","60.9188482954284","61.3682134088457","61.8215419198501","62.2946275399582","62.8036305165364","63.2621106390743","63.7751981046195","64.2408303344517","64.5911610689622","65.131596636791","65.5691020177667","65.9890229742236","66.4314116387286","66.84109704634","67.3525068406787","67.8108394834024","68.2629615309516","68.6853288301062","69.1208563538772","69.5110334122263","69.9184707063298","70.2904723380061","70.6523573971364","70.9975623145981","70.3622206982499","67.8215299767513","72.0115731308447","72.3247648783903","72.5599614464264","",
"Sub-Saharan Africa (IDA & IBRD countries)","TSS","Life expectancy at birth, total (years)","SP.DYN.LE00.IN","41.4298887419235","41.7287336393242","42.2375875851933","42.5168097817683","42.851061616964","43.1163456170998","43.2225535310726","43.5433041786027","44.0311217727929","44.3078123683868","44.7688242080293","45.0893747845113","45.1788398630682","45.7353803765767","45.9723917006399","46.3246657561344","47.0028226201489","47.4263006038962","47.7109520289001","48.1540302095526","48.5418535475006","48.8187809473372","49.1026657246553","48.3803753646478","48.5090821624137","48.8043934317486","49.211060856302","49.8857334183292","49.8652660940308","50.1485882902878","50.0338461441483","49.93000144535","49.8987833289639","50.1802046800686","50.1180871731901","50.4933944156576","50.4499440601937","50.6224175104891","50.5644729043157","51.0055525880133","51.6437803457957","51.9857897497051","52.3560404373729","52.8261333445824","53.3453281368772","53.8922539208949","54.589354695264","55.2628174960913","55.8870079518376","56.367784162949","57.107097844285","57.4734640185534","58.2283469511484","58.7182244214244","58.985759679416","59.3988936826923","59.8122443592399","60.1584852136877","60.7668941967258","61.129417043288","61.1676740309985","60.7030048050853","61.8569116778883","62.6027406477464","62.8036817702073","",
"Trinidad and Tobago","TTO","Life expectancy at birth, total (years)","SP.DYN.LE00.IN","62.505","62.965","63.429","63.633","63.978","64.195","64.316","64.471","64.626","64.753","64.869","64.934","65.183","65.412","65.512","65.647","66.032","66.17","66.198","66.422","66.507","66.459","66.382","66.44","66.556","66.748","66.903","67.135","67.379","67.518","67.591","67.782","67.78","67.825","67.837","67.995","68.039","68.143","68.331","68.509","68.629","68.874","69.232","69.454","69.879","70.185","70.437","70.797","71.117","71.404","71.809","72.232","72.513","72.785","72.898","72.882","72.935","72.984","72.658","72.836","72.645","71.111","73.331","73.49","73.617","",
"Tunisia","TUN","Life expectancy at birth, total (years)","SP.DYN.LE00.IN","44.049","44.257","45.562","46.412","47.272","48.204","49.158","50.157","51.342","52.297","53.792","54.906","56.095","57.115","58.251","59.306","60.313","61.256","62.147","62.929","63.669","64.374","65.01","65.696","66.294","66.877","67.429","68.011","68.456","68.825","69.092","69.398","69.684","69.992","70.363","70.785","71.247","71.67","72.067","72.344","72.604","72.822","73.07","73.304","73.519","73.712","73.888","74.039","74.192","74.32","74.438","74.471","74.599","74.674","74.784","74.875","75.007","75.177","75.37","75.599","75.004","72.893","76.05","76.508","76.711","",
"Turkiye","TUR","Life expectancy at birth, total (years)","SP.DYN.LE00.IN","50.799","51.558","52.347","53.12","53.6","54.105","54.57","55.183","55.639","56.179","56.702","57.223","57.971","58.455","59.019","59.513","60.014","60.846","61.614","62.161","62.739","63.194","63.74","64.269","64.81","65.344","65.87","66.379","66.902","67.365","67.835","68.287","68.603","69.018","69.402","69.734","70.245","70.668","71.144","70.752","71.931","72.271","72.605","72.906","73.223","73.51","73.804","74.129","74.38","74.679","74.964","74.823","75.552","76.171","76.452","76.539","76.595","77.037","77.454","77.737","76.525","75.722","77.591","77.156","77.421","",
"Tuvalu","TUV","Life expectancy at birth, total (years)","SP.DYN.LE00.IN","48.261","49.02","49.779","50.58","51.336","52.086","52.809","53.481","54.072","54.73","55.347","55.971","54.694","57.197","57.693","58.253","58.773","59.201","59.571","59.879","60.217","60.489","60.746","60.938","61.052","61.137","61.207","61.286","61.367","61.506","61.643","61.809","60.29","62.11","62.317","62.505","62.709","62.942","63.162","63.346","63.536","63.709","63.825","63.897","63.989","64.096","64.247","64.402","64.516","64.693","64.834","64.96","65.079","65.171","65.278","65.365","65.51","65.683","65.871","66.109","66.357","65.824","66.852","67.105","67.259","",
"Tanzania","TZA","Life expectancy at birth, total (years)","SP.DYN.LE00.IN","42.596","42.841","43.215","43.616","44.075","44.542","44.941","45.163","45.626","46.043","46.495","46.972","47.436","47.912","48.422","48.922","49.459","49.969","50.351","50.791","51.272","51.703","51.99","52.178","52.151","52.184","52.207","52.182","52.224","52.09","51.985","51.837","51.432","51.215","51.077","51.005","51.132","51.246","51.807","52.399","53.244","54.124","54.94","55.929","56.836","57.675","58.512","59.26","59.896","60.494","61.127","61.618","62.286","62.788","63.364","63.928","64.404","64.963","65.488","66.007","66.771","66.131","66.879","66.995","67.212","",
"Uganda","UGA","Life expectancy at birth, total (years)","SP.DYN.LE00.IN","45.633","46.271","46.821","47.378","47.846","48.303","48.463","49.006","49.285","49.505","49.621","47.147","47.162","46.992","46.861","46.517","46.169","45.84","45.596","45.385","43.453","43.456","43.309","43.489","43.706","45.496","45.651","47.36","47.476","47.488","47.561","47.549","47.671","47.681","47.675","47.706","47.759","48.026","48.263","48.977","49.64","50.576","51.443","52.414","53.699","54.926","56.118","57.248","58.253","59.157","59.959","60.791","61.579","62.353","63.057","63.831","64.494","65.174","65.775","66.354","66.41","66.45","67.675","68.252","68.487","",
"Ukraine","UKR","Life expectancy at birth, total (years)","SP.DYN.LE00.IN","69.388","70.044","70.401","70.683","70.972","71.143","71.163","71.115","70.968","70.828","70.844","70.872","70.966","70.822","70.627","70.361","70.144","70.007","69.839","69.775","69.759","69.816","69.902","69.948","69.992","70.409","70.833","71.179","71.04","70.839","70.354","69.688","68.947","68.287","67.534","67.114","67.097","67.658","67.993","68.004","67.786","67.675","67.699","67.638","67.472","67.517","67.49","67.715","68.262","69.159","70.188","70.711","71.09","71.474","71.803","72.686","73.389","73.993","73.569","73.92","73.283","71.631","72.658","73.422","74.692","",
"Upper middle income","UMC","Life expectancy at birth, total (years)","SP.DYN.LE00.IN","42.9404018819516","46.9878441760176","52.9839111842475","53.573247409763","54.1428057847693","54.1176271308463","55.0361698070567","55.7709329456989","56.2118607450082","56.8580866981506","57.4112503742443","58.1706609833559","58.7120881121964","59.478958288086","60.0176626729963","60.7772775171441","61.1334995636086","62.0374984622355","62.5440781977319","63.0867532700353","63.5071152038239","63.9150100521325","64.3685554164945","64.861693900818","65.3182250219422","65.7013515947685","66.1178341066319","66.4866878892291","66.7675283622194","67.1431724830696","67.3426463450044","67.7559766489313","68.0899256799997","68.4463235827413","68.737528312808","69.1225163673167","69.4954549282103","69.8455108060847","70.1625135545756","70.4151393873342","70.7453581446278","71.0574540062592","71.3497029374728","71.5890770162384","71.6980637522242","72.2010061107617","72.4525884801853","72.7823708143533","72.9550753875567","73.3132971210626","73.6577099377767","73.908118420453","74.2134955628203","74.4566962922526","74.6951643017581","74.934843438781","75.0906548982392","75.2402306964393","75.5511819443353","75.7442027654668","75.0593316548277","74.4180568484505","75.7285192648647","75.9179864449912","76.0451247995029","",
"Uruguay","URY","Life expectancy at birth, total (years)","SP.DYN.LE00.IN","67.683","67.81","67.911","68.023","68.112","68.2","68.302","68.407","68.514","68.581","68.734","68.926","69.169","69.348","69.524","69.705","69.887","70.081","70.265","70.255","70.505","70.952","71.528","71.595","71.708","71.861","72.187","72.196","72.408","72.628","72.994","73.198","73.185","73.147","73.162","73.493","73.812","73.92","74.029","74.293","74.693","74.987","74.979","75.086","75.319","75.829","75.888","76.15","76.275","76.67","76.691","76.614","76.691","76.953","77.194","77.285","77.351","77.618","77.527","77.503","78.381","75.434","76.468","78.138","78.287","",
"United States","USA","Life expectancy at birth, total (years)","SP.DYN.LE00.IN","69.7707317073171","70.2707317073171","70.119512195122","69.9170731707317","70.1658536585366","70.2146341463415","70.2121951219512","70.5609756097561","69.9512195121951","70.5073170731708","70.8073170731707","71.1073170731707","71.1560975609756","71.3560975609756","71.9560975609756","72.6048780487805","72.8560975609756","73.2560975609756","73.3560975609756","73.8048780487805","73.609756097561","74.009756097561","74.3609756097561","74.4634146341463","74.5634146341464","74.5634146341464","74.6146341463415","74.7658536585366","74.7658536585366","75.0170731707317","75.2146341463415","75.3658536585366","75.6170731707317","75.419512195122","75.619512195122","75.6219512195122","76.0268292682927","76.4292682926829","76.5804878048781","76.5829268292683","76.6365853658537","76.8365853658537","76.9365853658537","77.0365853658537","77.4878048780488","77.4878048780488","77.6878048780488","77.9878048780488","78.0390243902439","78.390243902439","78.5414634146342","78.6414634146341","78.7414634146342","78.7414634146342","78.8414634146341","78.690243902439","78.5390243902439","78.5390243902439","78.6390243902439","78.7878048780488","76.9804878048781","76.3292682926829","77.4341463414634","78.3853658536585","78.890243902439","",
"Uzbekistan","UZB","Life expectancy at birth, total (years)","SP.DYN.LE00.IN","56.539","56.874","57.218","57.564","57.922","58.277","58.633","58.993","59.355","59.715","60.072","60.417","60.75","61.058","61.355","61.632","61.903","62.173","62.44","62.707","62.981","63.223","63.465","63.75","64.108","64.574","65.027","65.486","65.757","65.844","65.772","65.529","65.236","64.924","64.681","64.67","64.78","65.028","65.169","65.307","65.456","65.853","66.376","66.852","67.203","67.481","67.905","68.483","69.035","69.517","69.836","70.143","70.411","70.692","70.973","71.33","71.58","71.737","71.999","72.093","71.461","71.681","72.147","72.388","72.528","",
"St. Vincent and the Grenadines","VCT","Life expectancy at birth, total (years)","SP.DYN.LE00.IN","58.566","59.272","59.924","60.521","61.071","61.61","62.102","62.541","63.064","63.529","64.029","64.432","64.752","65.095","65.422","65.873","66.466","66.883","67.273","69.345","67.977","68.292","68.584","68.796","69.244","69.771","70.104","70.428","70.607","70.647","70.647","70.64","70.745","70.621","70.602","70.575","70.466","70.382","70.263","70.312","70.35","70.382","70.658","70.43","70.445","70.454","70.434","70.446","70.611","70.712","70.66","70.609","70.539","70.091","70.355","70.463","70.7","71.013","71.017","70.994","69.605","69.132","71.191","71.23","71.382","",
"Venezuela, RB","VEN","Life expectancy at birth, total (years)","SP.DYN.LE00.IN","58.376","59.115","59.667","60.502","61.168","61.909","62.894","63.55","63.908","63.84","64.816","65.184","65.555","65.74","66.223","66.686","67.266","67.726","68.108","68.226","68.179","68.697","68.985","69.541","69.672","69.961","70.528","70.673","70.762","70.805","70.964","71.172","71.177","71.385","71.283","71.714","71.92","72.56","72.446","72.088","72.388","71.019","72.823","72.056","72.752","73.075","72.972","73.348","72.578","72.785","73.092","73.09","73.086","73.076","72.837","73.004","72.002","71.903","72.641","72.766","72.369","71.536","72.566","72.514","72.673","",
"British Virgin Islands","VGB","Life expectancy at birth, total (years)","SP.DYN.LE00.IN","62.709","63.274","63.828","64.313","64.757","65.149","65.496","65.857","66.022","66.245","66.407","66.665","66.899","67.191","67.652","68.069","68.408","68.68","69.028","69.315","69.645","69.906","70.138","70.374","70.711","70.987","71.252","71.492","71.763","72.038","72.392","72.75","73.109","73.431","73.794","74.089","74.341","74.469","74.569","74.652","74.753","74.831","74.971","75.183","75.404","75.569","75.745","75.893","76.07","76.205","76.289","76.363","76.433","76.472","76.527","76.558","76.624","75.67","76.728","76.845","76.894","75.297","77.177","77.276","77.431","",
"Virgin Islands (U.S.)","VIR","Life expectancy at birth, total (years)","SP.DYN.LE00.IN","62.7435365853659","63.1217073170732","62.6680243902439","61.4347073170732","64.1249268292683","64.7879268292683","63.6770731707317","64.4256097560976","65.1755365853659","65.8457073170732","66.5014390243902","67.098487804878","65.5663170731708","67.1374390243903","67.407512195122","67.6790975609756","67.8731707317073","68.0731707317073","68.2636829268293","68.4648048780488","68.6948780487805","68.8704634146341","69.0786585365854","69.3093902439024","69.5030487804878","69.6470975609756","69.94","70.1746585365854","70.3924146341463","70.5269512195122","70.6799756097561","70.8079268292683","70.9626097560976","71.0782682926829","71.2246341463415","71.1666097560976","71.575512195122","70.9152195121951","71.2462682926829","71.1116097560976","76.619512195122","77.6219512195122","77.5219512195122","77.5219512195122","77.7731707317073","77.4219512195122","78.3243902439024","76.8634146341463","77.1634146341463","77.5146341463415","77.8658536585366","78.3170731707317","78.5170731707317","78.7170731707317","78.8682926829268","79.0170731707317","79.1682926829268","79.3682926829268","79.5195121951219","79.6682926829268","79.819512195122","80.0682926829268","80.319512195122","80.519512195122","80.7707317073171","",
"Viet Nam","VNM","Life expectancy at birth, total (years)","SP.DYN.LE00.IN","58.046","58.461","58.204","56.897","57.473","56.967","56.914","56.745","52.668","54.791","54.93","55.585","51.913","55.677","54.751","61.865","63.669","64.07","64.529","64.986","65.338","65.779","66.212","66.545","66.929","67.192","67.55","68.005","68.585","68.805","69.027","69.303","69.62","69.957","70.379","70.871","71.296","71.67","72.283","72.575","72.746","72.984","73.138","73.236","73.062","73.198","73.293","73.385","73.455","73.525","73.611","73.713","73.762","73.821","73.886","73.955","73.984","74.026","74.1","74.211","75.383","74.145","74.502","74.588","74.736","",
"Vanuatu","VUT","Life expectancy at birth, total (years)","SP.DYN.LE00.IN","49.841","50.384","50.931","51.485","51.969","52.527","53.09","53.667","54.23","54.761","55.311","55.88","56.372","57.001","57.572","58.133","58.664","59.247","59.881","60.893","61.322","61.95","62.54","63.075","63.519","63.927","64.618","64.439","65.699","66.023","66.684","67.114","67.433","67.724","67.984","68.104","68.176","68.309","68.372","67.924","68.586","68.722","68.836","68.933","68.985","69.166","69.126","69.144","69.302","69.422","69.57","69.729","69.898","69.986","70.043","70.163","70.397","70.5","70.626","70.783","70.385","69.952","71.302","71.477","71.654","",
"World","WLD","Life expectancy at birth, total (years)","SP.DYN.LE00.IN","50.9418860745353","52.7972306837695","55.2860734026534","55.6522285444853","56.096712233261","55.9265080057019","56.44915720267","56.9040239437714","57.3357035221963","57.6804599932799","57.9372947120442","58.0247486866482","58.8444152506983","59.2963752109716","59.6998625917946","60.1307923083887","60.454259510654","61.0414812816423","61.394384620536","61.8410145342921","62.1515000723228","62.516815469465","62.8744224934289","63.1315027470635","63.4358699774594","63.7253727049054","64.1164876670747","64.4576806100147","64.6663839423644","64.9575716318237","65.1085564186251","65.3038759534727","65.5476873001237","65.742736646679","65.9586214931772","66.2008974348323","66.5154326237584","66.8309307807022","67.0666353847454","67.3121942863677","67.6504778738489","67.9451852910729","68.2313680755001","68.5157832704694","68.7710985282211","69.111445965915","69.4690022328376","69.8049778312625","70.0043236169628","70.3803491247646","70.6826307784169","70.9688028224075","71.2645542969028","71.5334887297047","71.7763867362613","71.9656376386893","72.1858228976022","72.3662967648278","72.6442408544831","72.869911203356","72.1832040176208","71.2160780260296","72.9689585478052","73.3302230276374","73.4818184164654","",
"Samoa","WSM","Life expectancy at birth, total (years)","SP.DYN.LE00.IN","55.153","55.738","56.316","56.861","54.043","57.886","58.225","58.878","59.381","59.881","60.388","60.879","61.36","61.863","62.34","62.839","63.301","63.742","64.132","64.543","64.961","65.296","65.647","65.991","66.284","66.557","66.819","67.047","67.328","67.607","67.808","68.039","68.532","68.818","69.162","69.469","69.767","70.045","70.308","70.555","70.791","71.028","71.233","71.441","71.508","71.487","71.62","71.605","71.531","69.486","71.451","71.393","71.159","71.229","71.142","71.06","71.003","70.991","71.052","70.269","70.727","71.096","71.55","71.698","71.826","",
"Kosovo","XKX","Life expectancy at birth, total (years)","SP.DYN.LE00.IN","48.702","49.883","48.378","50.098","51.119","52.003","52.472","53.051","53.606","53.392","54.002","55.128","55.122","55.914","56.376","57.311","57.54","58.403","58.828","59.095","60.297","60.372","60.074","61.002","61.459","61.216","62.537","63.568","64.214","65.234","66.508","66.456","67.381","67.945","68.595","68.782","69.359","69.862","68.58","58.265","71.321","71.782","72.227","72.678","73.132","73.437","73.63","74.422","74.711","74.79","74.609","75.323","75.75","76.336","76.179","76.024","76.748","77.105","77.117","77.249","74.212","74.981","77.623","78.033","78.222","",
"Yemen, Rep.","YEM","Life expectancy at birth, total (years)","SP.DYN.LE00.IN","33.462","34.058","33.669","33.431","34.907","35.592","36.264","37.079","37.99","39.61","40.573","41.757","42.688","43.603","44.541","45.475","46.441","47.442","48.484","49.531","50.608","51.679","52.367","53.618","54.586","55.418","54.002","56.828","57.43","58.025","58.528","58.805","59.26","59.655","59.828","60.532","60.884","61.34","61.788","62.275","62.761","63.286","63.807","64.407","64.881","65.356","65.8","66.23","66.609","66.905","67.223","67.412","67.569","67.961","68.003","66.761","67.105","67.12","65.915","66.567","66.435","66.019","67.952","69.295","69.439","",
"South Africa","ZAF","Life expectancy at birth, total (years)","SP.DYN.LE00.IN","52.575","53.067","53.566","53.895","54.215","54.427","54.731","54.955","55.191","55.44","55.681","56.02","56.377","56.72","57.11","57.591","58","58.48","58.991","59.472","59.961","60.445","60.936","61.393","61.837","62.195","62.421","62.694","62.902","63.017","62.942","62.983","62.839","62.618","62.069","61.603","61.079","60.538","59.912","59.19","58.368","57.161","55.58","54.245","53.963","53.914","54.22","54.948","55.982","57.413","58.886","60.602","61.737","62.388","63.184","64.053","64.749","65.422","65.726","66.071","65.15","62.01","65.454","66.139","66.312","",
"Zambia","ZMB","Life expectancy at birth, total (years)","SP.DYN.LE00.IN","50.648","51.041","51.331","51.605","51.17","52.079","52.29","52.512","52.719","53.044","53.404","53.887","54.375","54.913","55.377","55.742","56.102","56.281","56.335","56.05","55.496","54.986","54.361","53.674","52.877","52.001","51.149","50.421","49.674","48.882","48.204","47.443","46.968","46.678","46.344","46.051","45.757","45.743","45.709","45.924","46.577","47.408","48.461","49.616","50.54","51.615","52.693","53.73","54.835","55.886","56.896","57.843","58.704","59.445","60.109","60.728","61.129","61.564","62.138","62.914","63.361","62.363","65.279","66.349","66.528","",
"Zimbabwe","ZWE","Life expectancy at birth, total (years)","SP.DYN.LE00.IN","53.492","53.966","54.453","54.942","55.431","55.905","56.359","56.766","57.145","57.481","57.761","57.996","58.175","58.087","58.194","58.249","57.628","56.996","54.73","54.918","59.062","59.446","59.859","59.989","60.622","60.901","60.982","60.724","60.241","59.446","58.319","57.037","55.602","53.976","52.537","51.144","48.981","48.536","47.551","46.379","46.034","44.525","45.938","45.373","46.043","46.57","47.056","47.576","48.456","49.75","51.925","53.911","55.386","56.842","58.106","58.989","59.76","60.263","60.906","61.06","61.53","60.135","62.36","62.775","63.064","",
